2026-05-10 15:54:03,258 - INFO - 数据库表结构初始化完成
2026-05-10 15:54:03,258 - INFO - 开始全量数据采集
2026-05-10 15:54:03,258 - INFO - ===== 开始处理 sh600519 =====
2026-05-10 15:54:03,263 - INFO - 开始采集 sh600519 日线数据，时间范围：20160510 至 20260510
2026-05-10 15:54:04,719 - ERROR - sh600519 日线数据采集失败：Binder Error: Referenced column "factor" not found in FROM clause!
Candidate bindings: "close", "amount", "amount_1"

LINE 4: ..._code, trade_date, open, high, low, close, volume, amount, factor
                                                                      ^
2026-05-10 15:54:04,720 - INFO - 开始采集 sh600519 财务数据
2026-05-10 15:54:07,128 - ERROR - sh600519 财务数据采集失败：'REPORT_DATE'
2026-05-10 15:54:07,130 - INFO - 开始采集 sh600519 公告数据，时间范围：2016-05-10 至 2026-05-10
2026-05-10 15:54:07,130 - ERROR - sh600519 公告数据采集失败：module 'akshare' has no attribute 'stock_announcement_cninfo'
2026-05-10 15:54:07,130 - INFO - ===== sh600519 处理完成 =====
2026-05-10 15:54:07,130 - INFO - ===== 开始处理 sz002843 =====
2026-05-10 15:54:07,131 - INFO - 开始采集 sz002843 日线数据，时间范围：20160510 至 20260510
2026-05-10 15:54:08,449 - ERROR - sz002843 日线数据采集失败：Binder Error: Referenced column "factor" not found in FROM clause!
Candidate bindings: "close", "amount", "amount_1"

LINE 4: ..._code, trade_date, open, high, low, close, volume, amount, factor
                                                                      ^
2026-05-10 15:54:08,449 - INFO - 开始采集 sz002843 财务数据
2026-05-10 15:54:10,176 - ERROR - sz002843 财务数据采集失败：'REPORT_DATE'
2026-05-10 15:54:10,177 - INFO - 开始采集 sz002843 公告数据，时间范围：2016-05-10 至 2026-05-10
2026-05-10 15:54:10,177 - ERROR - sz002843 公告数据采集失败：module 'akshare' has no attribute 'stock_announcement_cninfo'
2026-05-10 15:54:10,177 - INFO - ===== sz002843 处理完成 =====
2026-05-10 15:54:10,178 - INFO - ===== 开始处理 sz002272 =====
2026-05-10 15:54:10,178 - INFO - 开始采集 sz002272 日线数据，时间范围：20160510 至 20260510
2026-05-10 15:54:11,595 - ERROR - sz002272 日线数据采集失败：Binder Error: Referenced column "factor" not found in FROM clause!
Candidate bindings: "close", "amount", "amount_1"

LINE 4: ..._code, trade_date, open, high, low, close, volume, amount, factor
                                                                      ^
2026-05-10 15:54:11,596 - INFO - 开始采集 sz002272 财务数据
2026-05-10 15:54:13,656 - ERROR - sz002272 财务数据采集失败：'REPORT_DATE'
2026-05-10 15:54:13,658 - INFO - 开始采集 sz002272 公告数据，时间范围：2016-05-10 至 2026-05-10
2026-05-10 15:54:13,658 - ERROR - sz002272 公告数据采集失败：module 'akshare' has no attribute 'stock_announcement_cninfo'
2026-05-10 15:54:13,658 - INFO - ===== sz002272 处理完成 =====
2026-05-10 15:54:13,658 - INFO - ===== 开始处理 sh600346 =====
2026-05-10 15:54:13,659 - INFO - 开始采集 sh600346 日线数据，时间范围：20160510 至 20260510
2026-05-10 15:54:14,932 - ERROR - sh600346 日线数据采集失败：Binder Error: Referenced column "factor" not found in FROM clause!
Candidate bindings: "close", "amount", "amount_1"

LINE 4: ..._code, trade_date, open, high, low, close, volume, amount, factor
                                                                      ^
2026-05-10 15:54:14,933 - INFO - 开始采集 sh600346 财务数据
2026-05-10 15:54:17,240 - ERROR - sh600346 财务数据采集失败：'REPORT_DATE'
2026-05-10 15:54:17,242 - INFO - 开始采集 sh600346 公告数据，时间范围：2016-05-10 至 2026-05-10
2026-05-10 15:54:17,242 - ERROR - sh600346 公告数据采集失败：module 'akshare' has no attribute 'stock_announcement_cninfo'
2026-05-10 15:54:17,242 - INFO - ===== sh600346 处理完成 =====
2026-05-10 15:54:17,243 - INFO - ===== 开始处理 sh600309 =====
2026-05-10 15:54:17,245 - INFO - 开始采集 sh600309 日线数据，时间范围：20160510 至 20260510
2026-05-10 15:54:18,587 - ERROR - sh600309 日线数据采集失败：Binder Error: Referenced column "factor" not found in FROM clause!
Candidate bindings: "close", "amount", "amount_1"

LINE 4: ..._code, trade_date, open, high, low, close, volume, amount, factor
                                                                      ^
2026-05-10 15:54:18,588 - INFO - 开始采集 sh600309 财务数据
2026-05-10 15:54:21,035 - ERROR - sh600309 财务数据采集失败：'REPORT_DATE'
2026-05-10 15:54:21,036 - INFO - 开始采集 sh600309 公告数据，时间范围：2016-05-10 至 2026-05-10
2026-05-10 15:54:21,036 - ERROR - sh600309 公告数据采集失败：module 'akshare' has no attribute 'stock_announcement_cninfo'
2026-05-10 15:54:21,036 - INFO - ===== sh600309 处理完成 =====
2026-05-10 15:54:21,037 - INFO - ===== 开始处理 sh600887 =====
2026-05-10 15:54:21,037 - INFO - 开始采集 sh600887 日线数据，时间范围：20160510 至 20260510
2026-05-10 15:54:22,431 - ERROR - sh600887 日线数据采集失败：Binder Error: Referenced column "factor" not found in FROM clause!
Candidate bindings: "close", "amount", "amount_1"

LINE 4: ..._code, trade_date, open, high, low, close, volume, amount, factor
                                                                      ^
2026-05-10 15:54:22,432 - INFO - 开始采集 sh600887 财务数据
2026-05-10 15:54:24,975 - ERROR - sh600887 财务数据采集失败：'REPORT_DATE'
2026-05-10 15:54:24,976 - INFO - 开始采集 sh600887 公告数据，时间范围：2016-05-10 至 2026-05-10
2026-05-10 15:54:24,977 - ERROR - sh600887 公告数据采集失败：module 'akshare' has no attribute 'stock_announcement_cninfo'
2026-05-10 15:54:24,977 - INFO - ===== sh600887 处理完成 =====
2026-05-10 15:54:24,977 - INFO - ===== 开始处理 sh600276 =====
2026-05-10 15:54:24,977 - INFO - 开始采集 sh600276 日线数据，时间范围：20160510 至 20260510
2026-05-10 15:54:26,445 - ERROR - sh600276 日线数据采集失败：Binder Error: Referenced column "factor" not found in FROM clause!
Candidate bindings: "close", "amount", "amount_1"

LINE 4: ..._code, trade_date, open, high, low, close, volume, amount, factor
                                                                      ^
2026-05-10 15:54:26,446 - INFO - 开始采集 sh600276 财务数据
2026-05-10 15:54:28,802 - ERROR - sh600276 财务数据采集失败：'REPORT_DATE'
2026-05-10 15:54:28,803 - INFO - 开始采集 sh600276 公告数据，时间范围：2016-05-10 至 2026-05-10
2026-05-10 15:54:28,804 - ERROR - sh600276 公告数据采集失败：module 'akshare' has no attribute 'stock_announcement_cninfo'
2026-05-10 15:54:28,804 - INFO - ===== sh600276 处理完成 =====
2026-05-10 15:54:28,804 - INFO - ===== 开始处理 sz002714 =====
2026-05-10 15:54:28,804 - INFO - 开始采集 sz002714 日线数据，时间范围：20160510 至 20260510
2026-05-10 15:54:30,325 - ERROR - sz002714 日线数据采集失败：Binder Error: Referenced column "factor" not found in FROM clause!
Candidate bindings: "close", "amount", "amount_1"

LINE 4: ..._code, trade_date, open, high, low, close, volume, amount, factor
                                                                      ^
2026-05-10 15:54:30,326 - INFO - 开始采集 sz002714 财务数据
2026-05-10 15:54:32,177 - ERROR - sz002714 财务数据采集失败：'REPORT_DATE'
2026-05-10 15:54:32,179 - INFO - 开始采集 sz002714 公告数据，时间范围：2016-05-10 至 2026-05-10
2026-05-10 15:54:32,179 - ERROR - sz002714 公告数据采集失败：module 'akshare' has no attribute 'stock_announcement_cninfo'
2026-05-10 15:54:32,179 - INFO - ===== sz002714 处理完成 =====
2026-05-10 15:54:32,179 - INFO - ===== 开始处理 sz000725 =====
2026-05-10 15:54:32,180 - INFO - 开始采集 sz000725 日线数据，时间范围：20160510 至 20260510
2026-05-10 15:54:33,718 - ERROR - sz000725 日线数据采集失败：Binder Error: Referenced column "factor" not found in FROM clause!
Candidate bindings: "close", "amount", "amount_1"

LINE 4: ..._code, trade_date, open, high, low, close, volume, amount, factor
                                                                      ^
2026-05-10 15:54:33,721 - INFO - 开始采集 sz000725 财务数据
2026-05-10 15:54:36,372 - ERROR - sz000725 财务数据采集失败：'REPORT_DATE'
2026-05-10 15:54:36,373 - INFO - 开始采集 sz000725 公告数据，时间范围：2016-05-10 至 2026-05-10
2026-05-10 15:54:36,374 - ERROR - sz000725 公告数据采集失败：module 'akshare' has no attribute 'stock_announcement_cninfo'
2026-05-10 15:54:36,374 - INFO - ===== sz000725 处理完成 =====
2026-05-10 15:54:36,374 - INFO - 全量数据采集完成
2026-05-10 15:54:36,454 - INFO - 数据库连接已关闭
2026-05-10 17:16:36,847 - INFO - 数据库表结构初始化完成
2026-05-10 17:16:36,848 - INFO - 开始全量数据采集
2026-05-10 17:16:36,848 - INFO - ===== 开始处理 sh600519 =====
2026-05-10 17:16:36,849 - INFO - 开始采集 sh600519 日线数据，时间范围：20160510 至 20260510
2026-05-10 17:16:38,323 - ERROR - sh600519 日线数据采集失败：Binder Error: Referenced column "factor" not found in FROM clause!
Candidate bindings: "close", "amount", "amount_1"

LINE 4: ..._code, trade_date, open, high, low, close, volume, amount, factor
                                                                      ^
2026-05-10 17:16:38,324 - INFO - 开始采集 sh600519 财务数据
2026-05-10 17:16:40,963 - ERROR - sh600519 财务数据采集失败：'REPORT_DATE'
2026-05-10 17:16:40,964 - INFO - 开始采集 sh600519 公告数据，时间范围：2016-05-10 至 2026-05-10
2026-05-10 17:16:40,965 - ERROR - sh600519 公告数据采集失败：module 'akshare' has no attribute 'stock_announcement_cninfo'
2026-05-10 17:16:40,965 - INFO - ===== sh600519 处理完成 =====
2026-05-10 17:16:40,965 - INFO - ===== 开始处理 sz002843 =====
2026-05-10 17:16:40,966 - INFO - 开始采集 sz002843 日线数据，时间范围：20160510 至 20260510
2026-05-10 17:16:42,105 - ERROR - sz002843 日线数据采集失败：Binder Error: Referenced column "factor" not found in FROM clause!
Candidate bindings: "close", "amount", "amount_1"

LINE 4: ..._code, trade_date, open, high, low, close, volume, amount, factor
                                                                      ^
2026-05-10 17:16:42,106 - INFO - 开始采集 sz002843 财务数据
2026-05-10 17:16:44,912 - ERROR - sz002843 财务数据采集失败：'REPORT_DATE'
2026-05-10 17:16:44,913 - INFO - 开始采集 sz002843 公告数据，时间范围：2016-05-10 至 2026-05-10
2026-05-10 17:16:44,913 - ERROR - sz002843 公告数据采集失败：module 'akshare' has no attribute 'stock_announcement_cninfo'
2026-05-10 17:16:44,913 - INFO - ===== sz002843 处理完成 =====
2026-05-10 17:16:44,913 - INFO - ===== 开始处理 sz002272 =====
2026-05-10 17:16:44,914 - INFO - 开始采集 sz002272 日线数据，时间范围：20160510 至 20260510
2026-05-10 17:16:46,109 - ERROR - sz002272 日线数据采集失败：Binder Error: Referenced column "factor" not found in FROM clause!
Candidate bindings: "close", "amount", "amount_1"

LINE 4: ..._code, trade_date, open, high, low, close, volume, amount, factor
                                                                      ^
2026-05-10 17:16:46,110 - INFO - 开始采集 sz002272 财务数据
2026-05-10 17:16:48,172 - ERROR - sz002272 财务数据采集失败：'REPORT_DATE'
2026-05-10 17:16:48,173 - INFO - 开始采集 sz002272 公告数据，时间范围：2016-05-10 至 2026-05-10
2026-05-10 17:16:48,173 - ERROR - sz002272 公告数据采集失败：module 'akshare' has no attribute 'stock_announcement_cninfo'
2026-05-10 17:16:48,173 - INFO - ===== sz002272 处理完成 =====
2026-05-10 17:16:48,174 - INFO - ===== 开始处理 sh600346 =====
2026-05-10 17:16:48,174 - INFO - 开始采集 sh600346 日线数据，时间范围：20160510 至 20260510
2026-05-10 17:16:49,272 - ERROR - sh600346 日线数据采集失败：Binder Error: Referenced column "factor" not found in FROM clause!
Candidate bindings: "close", "amount", "amount_1"

LINE 4: ..._code, trade_date, open, high, low, close, volume, amount, factor
                                                                      ^
2026-05-10 17:16:49,273 - INFO - 开始采集 sh600346 财务数据
2026-05-10 17:16:51,577 - ERROR - sh600346 财务数据采集失败：'REPORT_DATE'
2026-05-10 17:16:51,578 - INFO - 开始采集 sh600346 公告数据，时间范围：2016-05-10 至 2026-05-10
2026-05-10 17:16:51,578 - ERROR - sh600346 公告数据采集失败：module 'akshare' has no attribute 'stock_announcement_cninfo'
2026-05-10 17:16:51,578 - INFO - ===== sh600346 处理完成 =====
2026-05-10 17:16:51,579 - INFO - ===== 开始处理 sh600309 =====
2026-05-10 17:16:51,579 - INFO - 开始采集 sh600309 日线数据，时间范围：20160510 至 20260510
2026-05-10 17:16:53,049 - ERROR - sh600309 日线数据采集失败：Binder Error: Referenced column "factor" not found in FROM clause!
Candidate bindings: "close", "amount", "amount_1"

LINE 4: ..._code, trade_date, open, high, low, close, volume, amount, factor
                                                                      ^
2026-05-10 17:16:53,049 - INFO - 开始采集 sh600309 财务数据
2026-05-10 17:16:55,933 - ERROR - sh600309 财务数据采集失败：'REPORT_DATE'
2026-05-10 17:16:55,934 - INFO - 开始采集 sh600309 公告数据，时间范围：2016-05-10 至 2026-05-10
2026-05-10 17:16:55,935 - ERROR - sh600309 公告数据采集失败：module 'akshare' has no attribute 'stock_announcement_cninfo'
2026-05-10 17:16:55,935 - INFO - ===== sh600309 处理完成 =====
2026-05-10 17:16:55,935 - INFO - ===== 开始处理 sh600887 =====
2026-05-10 17:16:55,936 - INFO - 开始采集 sh600887 日线数据，时间范围：20160510 至 20260510
2026-05-10 17:16:57,157 - ERROR - sh600887 日线数据采集失败：Binder Error: Referenced column "factor" not found in FROM clause!
Candidate bindings: "close", "amount", "amount_1"

LINE 4: ..._code, trade_date, open, high, low, close, volume, amount, factor
                                                                      ^
2026-05-10 17:16:57,158 - INFO - 开始采集 sh600887 财务数据
2026-05-10 17:16:59,662 - ERROR - sh600887 财务数据采集失败：'REPORT_DATE'
2026-05-10 17:16:59,663 - INFO - 开始采集 sh600887 公告数据，时间范围：2016-05-10 至 2026-05-10
2026-05-10 17:16:59,663 - ERROR - sh600887 公告数据采集失败：module 'akshare' has no attribute 'stock_announcement_cninfo'
2026-05-10 17:16:59,663 - INFO - ===== sh600887 处理完成 =====
2026-05-10 17:16:59,664 - INFO - ===== 开始处理 sh600276 =====
2026-05-10 17:16:59,664 - INFO - 开始采集 sh600276 日线数据，时间范围：20160510 至 20260510
2026-05-10 17:17:00,864 - ERROR - sh600276 日线数据采集失败：Binder Error: Referenced column "factor" not found in FROM clause!
Candidate bindings: "close", "amount", "amount_1"

LINE 4: ..._code, trade_date, open, high, low, close, volume, amount, factor
                                                                      ^
2026-05-10 17:17:00,865 - INFO - 开始采集 sh600276 财务数据
2026-05-10 17:17:03,321 - ERROR - sh600276 财务数据采集失败：'REPORT_DATE'
2026-05-10 17:17:03,322 - INFO - 开始采集 sh600276 公告数据，时间范围：2016-05-10 至 2026-05-10
2026-05-10 17:17:03,323 - ERROR - sh600276 公告数据采集失败：module 'akshare' has no attribute 'stock_announcement_cninfo'
2026-05-10 17:17:03,323 - INFO - ===== sh600276 处理完成 =====
2026-05-10 17:17:03,323 - INFO - ===== 开始处理 sz002714 =====
2026-05-10 17:17:03,324 - INFO - 开始采集 sz002714 日线数据，时间范围：20160510 至 20260510
2026-05-10 17:17:04,686 - ERROR - sz002714 日线数据采集失败：Binder Error: Referenced column "factor" not found in FROM clause!
Candidate bindings: "close", "amount", "amount_1"

LINE 4: ..._code, trade_date, open, high, low, close, volume, amount, factor
                                                                      ^
2026-05-10 17:17:04,687 - INFO - 开始采集 sz002714 财务数据
2026-05-10 17:17:06,702 - ERROR - sz002714 财务数据采集失败：'REPORT_DATE'
2026-05-10 17:17:06,704 - INFO - 开始采集 sz002714 公告数据，时间范围：2016-05-10 至 2026-05-10
2026-05-10 17:17:06,704 - ERROR - sz002714 公告数据采集失败：module 'akshare' has no attribute 'stock_announcement_cninfo'
2026-05-10 17:17:06,704 - INFO - ===== sz002714 处理完成 =====
2026-05-10 17:17:06,705 - INFO - ===== 开始处理 sz000725 =====
2026-05-10 17:17:06,706 - INFO - 开始采集 sz000725 日线数据，时间范围：20160510 至 20260510
2026-05-10 17:17:08,592 - ERROR - sz000725 日线数据采集失败：Binder Error: Referenced column "factor" not found in FROM clause!
Candidate bindings: "close", "amount", "amount_1"

LINE 4: ..._code, trade_date, open, high, low, close, volume, amount, factor
                                                                      ^
2026-05-10 17:17:08,592 - INFO - 开始采集 sz000725 财务数据
2026-05-10 17:17:11,082 - ERROR - sz000725 财务数据采集失败：'REPORT_DATE'
2026-05-10 17:17:11,083 - INFO - 开始采集 sz000725 公告数据，时间范围：2016-05-10 至 2026-05-10
2026-05-10 17:17:11,083 - ERROR - sz000725 公告数据采集失败：module 'akshare' has no attribute 'stock_announcement_cninfo'
2026-05-10 17:17:11,084 - INFO - ===== sz000725 处理完成 =====
2026-05-10 17:17:11,084 - INFO - 全量数据采集完成
2026-05-10 17:17:11,086 - INFO - 数据库连接已关闭
2026-05-10 22:19:19,664 - INFO - 数据库表结构初始化完成
2026-05-10 22:19:19,666 - INFO - 开始全量数据采集
2026-05-10 22:19:19,668 - INFO - ===== 开始处理 sh600519 =====
2026-05-10 22:19:19,673 - INFO - 开始采集 sh600519 日线数据，时间范围：20160510 至 20260510
2026-05-10 22:19:20,855 - ERROR - sh600519 日线数据采集失败：Binder Error: Conflict target has to be provided for a DO UPDATE operation when the table has multiple UNIQUE/PRIMARY KEY constraints
2026-05-10 22:19:20,856 - INFO - 开始采集 sh600519 财务数据
2026-05-10 22:19:25,726 - ERROR - sh600519 财务数据采集失败：Binder Error: Conflict target has to be provided for a DO UPDATE operation when the table has multiple UNIQUE/PRIMARY KEY constraints
2026-05-10 22:19:25,728 - INFO - 开始采集 sh600519 公告数据，时间范围：2016-05-10 至 2026-05-10
2026-05-10 22:19:33,340 - ERROR - sh600519 公告数据采集失败：Binder Error: Conflict target has to be provided for a DO UPDATE operation when the table has multiple UNIQUE/PRIMARY KEY constraints
2026-05-10 22:19:33,342 - INFO - ===== sh600519 处理完成 =====
2026-05-10 22:19:33,345 - INFO - ===== 开始处理 sz002843 =====
2026-05-10 22:19:33,349 - INFO - 开始采集 sz002843 日线数据，时间范围：20160510 至 20260510
2026-05-10 22:19:36,642 - ERROR - sz002843 日线数据采集失败：Binder Error: Conflict target has to be provided for a DO UPDATE operation when the table has multiple UNIQUE/PRIMARY KEY constraints
2026-05-10 22:19:36,646 - INFO - 开始采集 sz002843 财务数据
2026-05-10 22:19:42,724 - ERROR - sz002843 财务数据采集失败：Binder Error: Conflict target has to be provided for a DO UPDATE operation when the table has multiple UNIQUE/PRIMARY KEY constraints
2026-05-10 22:19:42,727 - INFO - 开始采集 sz002843 公告数据，时间范围：2016-05-10 至 2026-05-10
2026-05-10 22:19:59,386 - ERROR - sz002843 公告数据采集失败：Binder Error: Conflict target has to be provided for a DO UPDATE operation when the table has multiple UNIQUE/PRIMARY KEY constraints
2026-05-10 22:19:59,387 - INFO - ===== sz002843 处理完成 =====
2026-05-10 22:19:59,388 - INFO - ===== 开始处理 sz002272 =====
2026-05-10 22:19:59,390 - INFO - 开始采集 sz002272 日线数据，时间范围：20160510 至 20260510
2026-05-10 22:20:02,656 - ERROR - sz002272 日线数据采集失败：Binder Error: Conflict target has to be provided for a DO UPDATE operation when the table has multiple UNIQUE/PRIMARY KEY constraints
2026-05-10 22:20:02,659 - INFO - 开始采集 sz002272 财务数据
2026-05-10 22:20:07,724 - ERROR - sz002272 财务数据采集失败：Binder Error: Conflict target has to be provided for a DO UPDATE operation when the table has multiple UNIQUE/PRIMARY KEY constraints
2026-05-10 22:20:07,727 - INFO - 开始采集 sz002272 公告数据，时间范围：2016-05-10 至 2026-05-10
2026-05-10 22:20:21,565 - ERROR - sz002272 公告数据采集失败：Binder Error: Conflict target has to be provided for a DO UPDATE operation when the table has multiple UNIQUE/PRIMARY KEY constraints
2026-05-10 22:20:21,567 - INFO - ===== sz002272 处理完成 =====
2026-05-10 22:20:21,568 - INFO - ===== 开始处理 sh600346 =====
2026-05-10 22:20:21,570 - INFO - 开始采集 sh600346 日线数据，时间范围：20160510 至 20260510
2026-05-10 22:20:25,022 - ERROR - sh600346 日线数据采集失败：Binder Error: Conflict target has to be provided for a DO UPDATE operation when the table has multiple UNIQUE/PRIMARY KEY constraints
2026-05-10 22:20:25,025 - INFO - 开始采集 sh600346 财务数据
2026-05-10 22:20:31,120 - ERROR - sh600346 财务数据采集失败：Binder Error: Conflict target has to be provided for a DO UPDATE operation when the table has multiple UNIQUE/PRIMARY KEY constraints
2026-05-10 22:20:31,123 - INFO - 开始采集 sh600346 公告数据，时间范围：2016-05-10 至 2026-05-10
2026-05-10 22:20:47,889 - ERROR - sh600346 公告数据采集失败：Binder Error: Conflict target has to be provided for a DO UPDATE operation when the table has multiple UNIQUE/PRIMARY KEY constraints
2026-05-10 22:20:47,891 - INFO - ===== sh600346 处理完成 =====
2026-05-10 22:20:47,892 - INFO - ===== 开始处理 sh600309 =====
2026-05-10 22:20:47,894 - INFO - 开始采集 sh600309 日线数据，时间范围：20160510 至 20260510
2026-05-10 22:20:51,107 - ERROR - sh600309 日线数据采集失败：Binder Error: Conflict target has to be provided for a DO UPDATE operation when the table has multiple UNIQUE/PRIMARY KEY constraints
2026-05-10 22:20:51,110 - INFO - 开始采集 sh600309 财务数据
2026-05-10 22:20:56,765 - ERROR - sh600309 财务数据采集失败：Binder Error: Conflict target has to be provided for a DO UPDATE operation when the table has multiple UNIQUE/PRIMARY KEY constraints
2026-05-10 22:20:56,770 - INFO - 开始采集 sh600309 公告数据，时间范围：2016-05-10 至 2026-05-10
2026-05-10 22:21:10,950 - ERROR - sh600309 公告数据采集失败：Binder Error: Conflict target has to be provided for a DO UPDATE operation when the table has multiple UNIQUE/PRIMARY KEY constraints
2026-05-10 22:21:10,951 - INFO - ===== sh600309 处理完成 =====
2026-05-10 22:21:10,951 - INFO - ===== 开始处理 sh600887 =====
2026-05-10 22:21:10,952 - INFO - 开始采集 sh600887 日线数据，时间范围：20160510 至 20260510
2026-05-10 22:21:14,292 - ERROR - sh600887 日线数据采集失败：Binder Error: Conflict target has to be provided for a DO UPDATE operation when the table has multiple UNIQUE/PRIMARY KEY constraints
2026-05-10 22:21:14,295 - INFO - 开始采集 sh600887 财务数据
2026-05-10 22:21:20,043 - ERROR - sh600887 财务数据采集失败：Binder Error: Conflict target has to be provided for a DO UPDATE operation when the table has multiple UNIQUE/PRIMARY KEY constraints
2026-05-10 22:21:20,046 - INFO - 开始采集 sh600887 公告数据，时间范围：2016-05-10 至 2026-05-10
2026-05-10 22:21:38,690 - ERROR - sh600887 公告数据采集失败：Binder Error: Conflict target has to be provided for a DO UPDATE operation when the table has multiple UNIQUE/PRIMARY KEY constraints
2026-05-10 22:21:38,691 - INFO - ===== sh600887 处理完成 =====
2026-05-10 22:21:38,693 - INFO - ===== 开始处理 sh600276 =====
2026-05-10 22:21:38,695 - INFO - 开始采集 sh600276 日线数据，时间范围：20160510 至 20260510
2026-05-10 22:21:42,102 - ERROR - sh600276 日线数据采集失败：Binder Error: Conflict target has to be provided for a DO UPDATE operation when the table has multiple UNIQUE/PRIMARY KEY constraints
2026-05-10 22:21:42,104 - INFO - 开始采集 sh600276 财务数据
2026-05-10 22:21:47,650 - ERROR - sh600276 财务数据采集失败：Binder Error: Conflict target has to be provided for a DO UPDATE operation when the table has multiple UNIQUE/PRIMARY KEY constraints
2026-05-10 22:21:47,652 - INFO - 开始采集 sh600276 公告数据，时间范围：2016-05-10 至 2026-05-10
2026-05-10 22:22:04,615 - ERROR - sh600276 公告数据采集失败：Binder Error: Conflict target has to be provided for a DO UPDATE operation when the table has multiple UNIQUE/PRIMARY KEY constraints
2026-05-10 22:22:04,615 - INFO - ===== sh600276 处理完成 =====
2026-05-10 22:22:04,615 - INFO - ===== 开始处理 sz002714 =====
2026-05-10 22:22:04,616 - INFO - 开始采集 sz002714 日线数据，时间范围：20160510 至 20260510
2026-05-10 22:22:07,187 - ERROR - sz002714 日线数据采集失败：Binder Error: Conflict target has to be provided for a DO UPDATE operation when the table has multiple UNIQUE/PRIMARY KEY constraints
2026-05-10 22:22:07,188 - INFO - 开始采集 sz002714 财务数据
2026-05-10 22:22:09,045 - ERROR - sz002714 财务数据采集失败：Binder Error: Conflict target has to be provided for a DO UPDATE operation when the table has multiple UNIQUE/PRIMARY KEY constraints
2026-05-10 22:22:09,046 - INFO - 开始采集 sz002714 公告数据，时间范围：2016-05-10 至 2026-05-10
2026-05-10 22:22:18,355 - ERROR - sz002714 公告数据采集失败：Binder Error: Conflict target has to be provided for a DO UPDATE operation when the table has multiple UNIQUE/PRIMARY KEY constraints
2026-05-10 22:22:18,357 - INFO - ===== sz002714 处理完成 =====
2026-05-10 22:22:18,357 - INFO - ===== 开始处理 sz000725 =====
2026-05-10 22:22:18,358 - INFO - 开始采集 sz000725 日线数据，时间范围：20160510 至 20260510
2026-05-10 22:22:19,581 - ERROR - sz000725 日线数据采集失败：Binder Error: Conflict target has to be provided for a DO UPDATE operation when the table has multiple UNIQUE/PRIMARY KEY constraints
2026-05-10 22:22:19,582 - INFO - 开始采集 sz000725 财务数据
2026-05-10 22:22:22,121 - ERROR - sz000725 财务数据采集失败：Binder Error: Conflict target has to be provided for a DO UPDATE operation when the table has multiple UNIQUE/PRIMARY KEY constraints
2026-05-10 22:22:22,122 - INFO - 开始采集 sz000725 公告数据，时间范围：2016-05-10 至 2026-05-10
2026-05-10 22:22:29,182 - ERROR - sz000725 公告数据采集失败：Binder Error: Conflict target has to be provided for a DO UPDATE operation when the table has multiple UNIQUE/PRIMARY KEY constraints
2026-05-10 22:22:29,183 - INFO - ===== sz000725 处理完成 =====
2026-05-10 22:22:29,183 - INFO - 全量数据采集完成
2026-05-10 22:22:29,295 - INFO - 数据库连接已关闭
2026-05-10 22:24:34,124 - INFO - 数据库表结构初始化完成
2026-05-10 22:24:34,124 - INFO - 开始全量数据采集
2026-05-10 22:24:34,125 - INFO - ===== 开始处理 sh600519 =====
2026-05-10 22:24:34,126 - INFO - 开始采集 sh600519 日线数据，时间范围：20160510 至 20260510
2026-05-10 22:24:35,418 - ERROR - sh600519 日线数据采集失败：Binder Error: Table "update_log" does not have a column named "CURRENT_TIMESTAMP"

Candidate bindings: : "update_time"
2026-05-10 22:24:35,419 - INFO - 开始采集 sh600519 财务数据
2026-05-10 22:24:37,785 - ERROR - sh600519 财务数据采集失败：Binder Error: Table "update_log" does not have a column named "CURRENT_TIMESTAMP"

Candidate bindings: : "update_time"
2026-05-10 22:24:37,786 - INFO - 开始采集 sh600519 公告数据，时间范围：2016-05-10 至 2026-05-10
2026-05-10 22:24:40,299 - ERROR - sh600519 公告数据采集失败：Binder Error: Table "update_log" does not have a column named "CURRENT_TIMESTAMP"

Candidate bindings: : "update_time"
2026-05-10 22:24:40,300 - INFO - ===== sh600519 处理完成 =====
2026-05-10 22:24:40,300 - INFO - ===== 开始处理 sz002843 =====
2026-05-10 22:24:40,300 - INFO - 开始采集 sz002843 日线数据，时间范围：20160510 至 20260510
2026-05-10 22:24:41,377 - ERROR - sz002843 日线数据采集失败：Binder Error: Table "update_log" does not have a column named "CURRENT_TIMESTAMP"

Candidate bindings: : "update_time"
2026-05-10 22:24:41,378 - INFO - 开始采集 sz002843 财务数据
2026-05-10 22:24:43,313 - ERROR - sz002843 财务数据采集失败：Binder Error: Table "update_log" does not have a column named "CURRENT_TIMESTAMP"

Candidate bindings: : "update_time"
2026-05-10 22:24:43,314 - INFO - 开始采集 sz002843 公告数据，时间范围：2016-05-10 至 2026-05-10
2026-05-10 22:24:49,133 - ERROR - sz002843 公告数据采集失败：Binder Error: Table "update_log" does not have a column named "CURRENT_TIMESTAMP"

Candidate bindings: : "update_time"
2026-05-10 22:24:49,133 - INFO - ===== sz002843 处理完成 =====
2026-05-10 22:24:49,134 - INFO - ===== 开始处理 sz002272 =====
2026-05-10 22:24:49,134 - INFO - 开始采集 sz002272 日线数据，时间范围：20160510 至 20260510
2026-05-10 22:24:50,466 - ERROR - sz002272 日线数据采集失败：Binder Error: Table "update_log" does not have a column named "CURRENT_TIMESTAMP"

Candidate bindings: : "update_time"
2026-05-10 22:24:50,467 - INFO - 开始采集 sz002272 财务数据
2026-05-10 22:24:52,610 - ERROR - sz002272 财务数据采集失败：Binder Error: Table "update_log" does not have a column named "CURRENT_TIMESTAMP"

Candidate bindings: : "update_time"
2026-05-10 22:24:52,611 - INFO - 开始采集 sz002272 公告数据，时间范围：2016-05-10 至 2026-05-10
2026-05-10 22:24:57,172 - ERROR - sz002272 公告数据采集失败：Binder Error: Table "update_log" does not have a column named "CURRENT_TIMESTAMP"

Candidate bindings: : "update_time"
2026-05-10 22:24:57,172 - INFO - ===== sz002272 处理完成 =====
2026-05-10 22:24:57,172 - INFO - ===== 开始处理 sh600346 =====
2026-05-10 22:24:57,173 - INFO - 开始采集 sh600346 日线数据，时间范围：20160510 至 20260510
2026-05-10 22:24:58,395 - ERROR - sh600346 日线数据采集失败：Binder Error: Table "update_log" does not have a column named "CURRENT_TIMESTAMP"

Candidate bindings: : "update_time"
2026-05-10 22:24:58,395 - INFO - 开始采集 sh600346 财务数据
2026-05-10 22:25:00,869 - ERROR - sh600346 财务数据采集失败：Binder Error: Table "update_log" does not have a column named "CURRENT_TIMESTAMP"

Candidate bindings: : "update_time"
2026-05-10 22:25:00,870 - INFO - 开始采集 sh600346 公告数据，时间范围：2016-05-10 至 2026-05-10
2026-05-10 22:25:06,409 - ERROR - sh600346 公告数据采集失败：Binder Error: Table "update_log" does not have a column named "CURRENT_TIMESTAMP"

Candidate bindings: : "update_time"
2026-05-10 22:25:06,410 - INFO - ===== sh600346 处理完成 =====
2026-05-10 22:25:06,410 - INFO - ===== 开始处理 sh600309 =====
2026-05-10 22:25:06,411 - INFO - 开始采集 sh600309 日线数据，时间范围：20160510 至 20260510
2026-05-10 22:25:07,623 - ERROR - sh600309 日线数据采集失败：Binder Error: Table "update_log" does not have a column named "CURRENT_TIMESTAMP"

Candidate bindings: : "update_time"
2026-05-10 22:25:07,624 - INFO - 开始采集 sh600309 财务数据
2026-05-10 22:25:10,023 - ERROR - sh600309 财务数据采集失败：Binder Error: Table "update_log" does not have a column named "CURRENT_TIMESTAMP"

Candidate bindings: : "update_time"
2026-05-10 22:25:10,025 - INFO - 开始采集 sh600309 公告数据，时间范围：2016-05-10 至 2026-05-10
2026-05-10 22:25:14,775 - ERROR - sh600309 公告数据采集失败：Binder Error: Table "update_log" does not have a column named "CURRENT_TIMESTAMP"

Candidate bindings: : "update_time"
2026-05-10 22:25:14,776 - INFO - ===== sh600309 处理完成 =====
2026-05-10 22:25:14,776 - INFO - ===== 开始处理 sh600887 =====
2026-05-10 22:25:14,776 - INFO - 开始采集 sh600887 日线数据，时间范围：20160510 至 20260510
2026-05-10 22:25:16,075 - ERROR - sh600887 日线数据采集失败：Binder Error: Table "update_log" does not have a column named "CURRENT_TIMESTAMP"

Candidate bindings: : "update_time"
2026-05-10 22:25:16,076 - INFO - 开始采集 sh600887 财务数据
2026-05-10 22:25:18,602 - ERROR - sh600887 财务数据采集失败：Binder Error: Table "update_log" does not have a column named "CURRENT_TIMESTAMP"

Candidate bindings: : "update_time"
2026-05-10 22:25:18,604 - INFO - 开始采集 sh600887 公告数据，时间范围：2016-05-10 至 2026-05-10
2026-05-10 22:25:24,721 - ERROR - sh600887 公告数据采集失败：Binder Error: Table "update_log" does not have a column named "CURRENT_TIMESTAMP"

Candidate bindings: : "update_time"
2026-05-10 22:25:24,721 - INFO - ===== sh600887 处理完成 =====
2026-05-10 22:25:24,722 - INFO - ===== 开始处理 sh600276 =====
2026-05-10 22:25:24,722 - INFO - 开始采集 sh600276 日线数据，时间范围：20160510 至 20260510
2026-05-10 22:25:25,800 - ERROR - sh600276 日线数据采集失败：Binder Error: Table "update_log" does not have a column named "CURRENT_TIMESTAMP"

Candidate bindings: : "update_time"
2026-05-10 22:25:25,801 - INFO - 开始采集 sh600276 财务数据
2026-05-10 22:25:28,214 - ERROR - sh600276 财务数据采集失败：Binder Error: Table "update_log" does not have a column named "CURRENT_TIMESTAMP"

Candidate bindings: : "update_time"
2026-05-10 22:25:28,215 - INFO - 开始采集 sh600276 公告数据，时间范围：2016-05-10 至 2026-05-10
2026-05-10 22:25:35,069 - ERROR - sh600276 公告数据采集失败：Binder Error: Table "update_log" does not have a column named "CURRENT_TIMESTAMP"

Candidate bindings: : "update_time"
2026-05-10 22:25:35,069 - INFO - ===== sh600276 处理完成 =====
2026-05-10 22:25:35,070 - INFO - ===== 开始处理 sz002714 =====
2026-05-10 22:25:35,070 - INFO - 开始采集 sz002714 日线数据，时间范围：20160510 至 20260510
2026-05-10 22:25:36,288 - ERROR - sz002714 日线数据采集失败：Binder Error: Table "update_log" does not have a column named "CURRENT_TIMESTAMP"

Candidate bindings: : "update_time"
2026-05-10 22:25:36,289 - INFO - 开始采集 sz002714 财务数据
2026-05-10 22:25:38,202 - ERROR - sz002714 财务数据采集失败：Binder Error: Table "update_log" does not have a column named "CURRENT_TIMESTAMP"

Candidate bindings: : "update_time"
2026-05-10 22:25:38,203 - INFO - 开始采集 sz002714 公告数据，时间范围：2016-05-10 至 2026-05-10
2026-05-10 22:25:47,807 - ERROR - sz002714 公告数据采集失败：Binder Error: Table "update_log" does not have a column named "CURRENT_TIMESTAMP"

Candidate bindings: : "update_time"
2026-05-10 22:25:47,808 - INFO - ===== sz002714 处理完成 =====
2026-05-10 22:25:47,808 - INFO - ===== 开始处理 sz000725 =====
2026-05-10 22:25:47,809 - INFO - 开始采集 sz000725 日线数据，时间范围：20160510 至 20260510
2026-05-10 22:25:49,512 - ERROR - sz000725 日线数据采集失败：Binder Error: Table "update_log" does not have a column named "CURRENT_TIMESTAMP"

Candidate bindings: : "update_time"
2026-05-10 22:25:49,512 - INFO - 开始采集 sz000725 财务数据
2026-05-10 22:25:52,515 - ERROR - sz000725 财务数据采集失败：Binder Error: Table "update_log" does not have a column named "CURRENT_TIMESTAMP"

Candidate bindings: : "update_time"
2026-05-10 22:25:52,516 - INFO - 开始采集 sz000725 公告数据，时间范围：2016-05-10 至 2026-05-10
2026-05-10 22:25:59,629 - ERROR - sz000725 公告数据采集失败：Binder Error: Table "update_log" does not have a column named "CURRENT_TIMESTAMP"

Candidate bindings: : "update_time"
2026-05-10 22:25:59,630 - INFO - ===== sz000725 处理完成 =====
2026-05-10 22:25:59,630 - INFO - 全量数据采集完成
2026-05-10 22:25:59,751 - INFO - 数据库连接已关闭
2026-05-10 22:30:41,915 - INFO - 数据库表结构初始化完成
2026-05-10 22:30:41,915 - INFO - 开始全量数据采集
2026-05-10 22:30:41,915 - INFO - ===== 开始处理 sh600519 =====
2026-05-10 22:30:41,916 - INFO - 开始采集 sh600519 日线数据，时间范围：20160510 至 20260510
2026-05-10 22:30:43,441 - ERROR - sh600519 日线数据采集失败：Conversion Error: invalid date field format: "20260510", expected format is (YYYY-MM-DD)
2026-05-10 22:30:43,442 - INFO - 开始采集 sh600519 财务数据
2026-05-10 22:30:46,209 - ERROR - sh600519 财务数据采集失败：Conversion Error: invalid date field format: "20260510", expected format is (YYYY-MM-DD)
2026-05-10 22:30:46,210 - INFO - 开始采集 sh600519 公告数据，时间范围：2016-05-10 至 2026-05-10
2026-05-10 22:30:48,893 - INFO - sh600519 公告数据采集完成，新增 639 条记录
2026-05-10 22:30:48,893 - INFO - ===== sh600519 处理完成 =====
2026-05-10 22:30:48,894 - INFO - ===== 开始处理 sz002843 =====
2026-05-10 22:30:48,894 - INFO - 开始采集 sz002843 日线数据，时间范围：20160510 至 20260510
2026-05-10 22:30:49,977 - ERROR - sz002843 日线数据采集失败：Conversion Error: invalid date field format: "20260510", expected format is (YYYY-MM-DD)
2026-05-10 22:30:49,978 - INFO - 开始采集 sz002843 财务数据
2026-05-10 22:30:51,804 - ERROR - sz002843 财务数据采集失败：Conversion Error: invalid date field format: "20260510", expected format is (YYYY-MM-DD)
2026-05-10 22:30:51,805 - INFO - 开始采集 sz002843 公告数据，时间范围：2016-05-10 至 2026-05-10
2026-05-10 22:30:57,589 - INFO - sz002843 公告数据采集完成，新增 1519 条记录
2026-05-10 22:30:57,590 - INFO - ===== sz002843 处理完成 =====
2026-05-10 22:30:57,590 - INFO - ===== 开始处理 sz002272 =====
2026-05-10 22:30:57,591 - INFO - 开始采集 sz002272 日线数据，时间范围：20160510 至 20260510
2026-05-10 22:30:58,767 - ERROR - sz002272 日线数据采集失败：Conversion Error: invalid date field format: "20260510", expected format is (YYYY-MM-DD)
2026-05-10 22:30:58,767 - INFO - 开始采集 sz002272 财务数据
2026-05-10 22:31:01,278 - ERROR - sz002272 财务数据采集失败：Conversion Error: invalid date field format: "20260510", expected format is (YYYY-MM-DD)
2026-05-10 22:31:01,279 - INFO - 开始采集 sz002272 公告数据，时间范围：2016-05-10 至 2026-05-10
2026-05-10 22:31:06,833 - INFO - sz002272 公告数据采集完成，新增 1217 条记录
2026-05-10 22:31:06,834 - INFO - ===== sz002272 处理完成 =====
2026-05-10 22:31:06,834 - INFO - ===== 开始处理 sh600346 =====
2026-05-10 22:31:06,835 - INFO - 开始采集 sh600346 日线数据，时间范围：20160510 至 20260510
2026-05-10 22:31:07,970 - ERROR - sh600346 日线数据采集失败：Conversion Error: invalid date field format: "20260510", expected format is (YYYY-MM-DD)
2026-05-10 22:31:07,970 - INFO - 开始采集 sh600346 财务数据
2026-05-10 22:31:10,930 - ERROR - sh600346 财务数据采集失败：Conversion Error: invalid date field format: "20260510", expected format is (YYYY-MM-DD)
2026-05-10 22:31:10,931 - INFO - 开始采集 sh600346 公告数据，时间范围：2016-05-10 至 2026-05-10
2026-05-10 22:31:16,525 - INFO - sh600346 公告数据采集完成，新增 1557 条记录
2026-05-10 22:31:16,526 - INFO - ===== sh600346 处理完成 =====
2026-05-10 22:31:16,526 - INFO - ===== 开始处理 sh600309 =====
2026-05-10 22:31:16,526 - INFO - 开始采集 sh600309 日线数据，时间范围：20160510 至 20260510
2026-05-10 22:31:17,733 - ERROR - sh600309 日线数据采集失败：Conversion Error: invalid date field format: "20260510", expected format is (YYYY-MM-DD)
2026-05-10 22:31:17,734 - INFO - 开始采集 sh600309 财务数据
2026-05-10 22:31:20,511 - ERROR - sh600309 财务数据采集失败：Conversion Error: invalid date field format: "20260510", expected format is (YYYY-MM-DD)
2026-05-10 22:31:20,512 - INFO - 开始采集 sh600309 公告数据，时间范围：2016-05-10 至 2026-05-10
2026-05-10 22:31:25,360 - INFO - sh600309 公告数据采集完成，新增 1336 条记录
2026-05-10 22:31:25,360 - INFO - ===== sh600309 处理完成 =====
2026-05-10 22:31:25,360 - INFO - ===== 开始处理 sh600887 =====
2026-05-10 22:31:25,361 - INFO - 开始采集 sh600887 日线数据，时间范围：20160510 至 20260510
2026-05-10 22:31:26,718 - ERROR - sh600887 日线数据采集失败：Conversion Error: invalid date field format: "20260510", expected format is (YYYY-MM-DD)
2026-05-10 22:31:26,719 - INFO - 开始采集 sh600887 财务数据
2026-05-10 22:31:29,402 - ERROR - sh600887 财务数据采集失败：Conversion Error: invalid date field format: "20260510", expected format is (YYYY-MM-DD)
2026-05-10 22:31:29,403 - INFO - 开始采集 sh600887 公告数据，时间范围：2016-05-10 至 2026-05-10
2026-05-10 22:31:35,720 - INFO - sh600887 公告数据采集完成，新增 1769 条记录
2026-05-10 22:31:35,720 - INFO - ===== sh600887 处理完成 =====
2026-05-10 22:31:35,720 - INFO - ===== 开始处理 sh600276 =====
2026-05-10 22:31:35,721 - INFO - 开始采集 sh600276 日线数据，时间范围：20160510 至 20260510
2026-05-10 22:31:36,851 - ERROR - sh600276 日线数据采集失败：Conversion Error: invalid date field format: "20260510", expected format is (YYYY-MM-DD)
2026-05-10 22:31:36,852 - INFO - 开始采集 sh600276 财务数据
2026-05-10 22:31:39,826 - ERROR - sh600276 财务数据采集失败：Conversion Error: invalid date field format: "20260510", expected format is (YYYY-MM-DD)
2026-05-10 22:31:39,827 - INFO - 开始采集 sh600276 公告数据，时间范围：2016-05-10 至 2026-05-10
2026-05-10 22:31:46,136 - INFO - sh600276 公告数据采集完成，新增 1846 条记录
2026-05-10 22:31:46,136 - INFO - ===== sh600276 处理完成 =====
2026-05-10 22:31:46,137 - INFO - ===== 开始处理 sz002714 =====
2026-05-10 22:31:46,138 - INFO - 开始采集 sz002714 日线数据，时间范围：20160510 至 20260510
2026-05-10 22:31:47,378 - ERROR - sz002714 日线数据采集失败：Conversion Error: invalid date field format: "20260510", expected format is (YYYY-MM-DD)
2026-05-10 22:31:47,379 - INFO - 开始采集 sz002714 财务数据
2026-05-10 22:31:49,492 - ERROR - sz002714 财务数据采集失败：Conversion Error: invalid date field format: "20260510", expected format is (YYYY-MM-DD)
2026-05-10 22:31:49,494 - INFO - 开始采集 sz002714 公告数据，时间范围：2016-05-10 至 2026-05-10
2026-05-10 22:32:00,443 - INFO - sz002714 公告数据采集完成，新增 2786 条记录
2026-05-10 22:32:00,444 - INFO - ===== sz002714 处理完成 =====
2026-05-10 22:32:00,444 - INFO - ===== 开始处理 sz000725 =====
2026-05-10 22:32:00,444 - INFO - 开始采集 sz000725 日线数据，时间范围：20160510 至 20260510
2026-05-10 22:32:01,880 - ERROR - sz000725 日线数据采集失败：Conversion Error: invalid date field format: "20260510", expected format is (YYYY-MM-DD)
2026-05-10 22:32:01,880 - INFO - 开始采集 sz000725 财务数据
2026-05-10 22:32:05,123 - ERROR - sz000725 财务数据采集失败：Conversion Error: invalid date field format: "20260510", expected format is (YYYY-MM-DD)
2026-05-10 22:32:05,124 - INFO - 开始采集 sz000725 公告数据，时间范围：2016-05-10 至 2026-05-10
2026-05-10 22:32:13,470 - INFO - sz000725 公告数据采集完成，新增 2046 条记录
2026-05-10 22:32:13,470 - INFO - ===== sz000725 处理完成 =====
2026-05-10 22:32:13,470 - INFO - 全量数据采集完成
2026-05-10 22:32:13,597 - INFO - 数据库连接已关闭
2026-05-10 22:34:11,283 - INFO - 数据库表结构初始化完成
2026-05-10 22:34:11,283 - INFO - 开始全量数据采集
2026-05-10 22:34:11,283 - INFO - ===== 开始处理 sh600519 =====
2026-05-10 22:34:11,284 - INFO - 开始采集 sh600519 日线数据，时间范围：20160510 至 20260510
2026-05-10 22:34:12,811 - INFO - sh600519 日线数据采集完成，新增 2426 条记录
2026-05-10 22:34:12,812 - INFO - 开始采集 sh600519 财务数据
2026-05-10 22:34:15,342 - INFO - sh600519 财务数据采集完成，新增 40 条记录
2026-05-10 22:34:15,343 - INFO - 开始采集 sh600519 公告数据，时间范围：2016-05-10 至 2026-05-10
2026-05-10 22:34:17,888 - INFO - sh600519 公告数据采集完成，新增 639 条记录
2026-05-10 22:34:17,888 - INFO - ===== sh600519 处理完成 =====
2026-05-10 22:34:17,888 - INFO - ===== 开始处理 sz002843 =====
2026-05-10 22:34:17,889 - INFO - 开始采集 sz002843 日线数据，时间范围：20160510 至 20260510
2026-05-10 22:34:19,222 - INFO - sz002843 日线数据采集完成，新增 2253 条记录
2026-05-10 22:34:19,223 - INFO - 开始采集 sz002843 财务数据
2026-05-10 22:34:21,000 - INFO - sz002843 财务数据采集完成，新增 40 条记录
2026-05-10 22:34:21,001 - INFO - 开始采集 sz002843 公告数据，时间范围：2016-05-10 至 2026-05-10
2026-05-10 22:34:26,819 - INFO - sz002843 公告数据采集完成，新增 1519 条记录
2026-05-10 22:34:26,820 - INFO - ===== sz002843 处理完成 =====
2026-05-10 22:34:26,820 - INFO - ===== 开始处理 sz002272 =====
2026-05-10 22:34:26,821 - INFO - 开始采集 sz002272 日线数据，时间范围：20160510 至 20260510
2026-05-10 22:34:28,138 - INFO - sz002272 日线数据采集完成，新增 2386 条记录
2026-05-10 22:34:28,139 - INFO - 开始采集 sz002272 财务数据
2026-05-10 22:34:30,680 - INFO - sz002272 财务数据采集完成，新增 40 条记录
2026-05-10 22:34:30,681 - INFO - 开始采集 sz002272 公告数据，时间范围：2016-05-10 至 2026-05-10
2026-05-10 22:34:35,788 - INFO - sz002272 公告数据采集完成，新增 1217 条记录
2026-05-10 22:34:35,788 - INFO - ===== sz002272 处理完成 =====
2026-05-10 22:34:35,788 - INFO - ===== 开始处理 sh600346 =====
2026-05-10 22:34:35,789 - INFO - 开始采集 sh600346 日线数据，时间范围：20160510 至 20260510
2026-05-10 22:34:37,068 - INFO - sh600346 日线数据采集完成，新增 2320 条记录
2026-05-10 22:34:37,069 - INFO - 开始采集 sh600346 财务数据
2026-05-10 22:34:39,471 - INFO - sh600346 财务数据采集完成，新增 40 条记录
2026-05-10 22:34:39,472 - INFO - 开始采集 sh600346 公告数据，时间范围：2016-05-10 至 2026-05-10
2026-05-10 22:34:45,345 - INFO - sh600346 公告数据采集完成，新增 1557 条记录
2026-05-10 22:34:45,345 - INFO - ===== sh600346 处理完成 =====
2026-05-10 22:34:45,346 - INFO - ===== 开始处理 sh600309 =====
2026-05-10 22:34:45,346 - INFO - 开始采集 sh600309 日线数据，时间范围：20160510 至 20260510
2026-05-10 22:34:46,468 - INFO - sh600309 日线数据采集完成，新增 2301 条记录
2026-05-10 22:34:46,469 - INFO - 开始采集 sh600309 财务数据
2026-05-10 22:34:48,881 - INFO - sh600309 财务数据采集完成，新增 40 条记录
2026-05-10 22:34:48,882 - INFO - 开始采集 sh600309 公告数据，时间范围：2016-05-10 至 2026-05-10
2026-05-10 22:34:53,812 - INFO - sh600309 公告数据采集完成，新增 1336 条记录
2026-05-10 22:34:53,813 - INFO - ===== sh600309 处理完成 =====
2026-05-10 22:34:53,813 - INFO - ===== 开始处理 sh600887 =====
2026-05-10 22:34:53,813 - INFO - 开始采集 sh600887 日线数据，时间范围：20160510 至 20260510
2026-05-10 22:34:54,977 - INFO - sh600887 日线数据采集完成，新增 2402 条记录
2026-05-10 22:34:54,978 - INFO - 开始采集 sh600887 财务数据
2026-05-10 22:34:57,562 - INFO - sh600887 财务数据采集完成，新增 40 条记录
2026-05-10 22:34:57,563 - INFO - 开始采集 sh600887 公告数据，时间范围：2016-05-10 至 2026-05-10
2026-05-10 22:35:05,578 - INFO - sh600887 公告数据采集完成，新增 1769 条记录
2026-05-10 22:35:05,579 - INFO - ===== sh600887 处理完成 =====
2026-05-10 22:35:05,579 - INFO - ===== 开始处理 sh600276 =====
2026-05-10 22:35:05,580 - INFO - 开始采集 sh600276 日线数据，时间范围：20160510 至 20260510
2026-05-10 22:35:06,742 - INFO - sh600276 日线数据采集完成，新增 2426 条记录
2026-05-10 22:35:06,743 - INFO - 开始采集 sh600276 财务数据
2026-05-10 22:35:09,148 - INFO - sh600276 财务数据采集完成，新增 40 条记录
2026-05-10 22:35:09,149 - INFO - 开始采集 sh600276 公告数据，时间范围：2016-05-10 至 2026-05-10
2026-05-10 22:35:15,706 - INFO - sh600276 公告数据采集完成，新增 1846 条记录
2026-05-10 22:35:15,707 - INFO - ===== sh600276 处理完成 =====
2026-05-10 22:35:15,707 - INFO - ===== 开始处理 sz002714 =====
2026-05-10 22:35:15,708 - INFO - 开始采集 sz002714 日线数据，时间范围：20160510 至 20260510
2026-05-10 22:35:17,021 - INFO - sz002714 日线数据采集完成，新增 2426 条记录
2026-05-10 22:35:17,022 - INFO - 开始采集 sz002714 财务数据
2026-05-10 22:35:19,411 - INFO - sz002714 财务数据采集完成，新增 40 条记录
2026-05-10 22:35:19,412 - INFO - 开始采集 sz002714 公告数据，时间范围：2016-05-10 至 2026-05-10
2026-05-10 22:35:30,025 - INFO - sz002714 公告数据采集完成，新增 2786 条记录
2026-05-10 22:35:30,025 - INFO - ===== sz002714 处理完成 =====
2026-05-10 22:35:30,025 - INFO - ===== 开始处理 sz000725 =====
2026-05-10 22:35:30,026 - INFO - 开始采集 sz000725 日线数据，时间范围：20160510 至 20260510
2026-05-10 22:35:31,305 - INFO - sz000725 日线数据采集完成，新增 2426 条记录
2026-05-10 22:35:31,306 - INFO - 开始采集 sz000725 财务数据
2026-05-10 22:35:33,644 - INFO - sz000725 财务数据采集完成，新增 40 条记录
2026-05-10 22:35:33,645 - INFO - 开始采集 sz000725 公告数据，时间范围：2016-05-10 至 2026-05-10
2026-05-10 22:35:41,053 - INFO - sz000725 公告数据采集完成，新增 2046 条记录
2026-05-10 22:35:41,053 - INFO - ===== sz000725 处理完成 =====
2026-05-10 22:35:41,054 - INFO - 全量数据采集完成
2026-05-10 22:35:41,187 - INFO - 数据库连接已关闭
2026-05-10 22:36:24,736 - INFO - 数据库表结构初始化完成
2026-05-10 22:36:24,737 - INFO - 开始全量数据采集
2026-05-10 22:36:24,737 - INFO - ===== 开始处理 sh600519 =====
2026-05-10 22:36:24,738 - INFO - sh600519 日线数据已是最新，无需更新
2026-05-10 22:36:24,739 - INFO - 开始采集 sh600519 财务数据
2026-05-10 22:36:27,366 - INFO - sh600519 没有新的财务数据
2026-05-10 22:36:27,367 - INFO - sh600519 公告数据已是最新，无需更新
2026-05-10 22:36:27,368 - INFO - ===== sh600519 处理完成 =====
2026-05-10 22:36:27,368 - INFO - ===== 开始处理 sz002843 =====
2026-05-10 22:36:27,368 - INFO - sz002843 日线数据已是最新，无需更新
2026-05-10 22:36:27,369 - INFO - 开始采集 sz002843 财务数据
2026-05-10 22:36:29,258 - INFO - sz002843 没有新的财务数据
2026-05-10 22:36:29,259 - INFO - sz002843 公告数据已是最新，无需更新
2026-05-10 22:36:29,259 - INFO - ===== sz002843 处理完成 =====
2026-05-10 22:36:29,259 - INFO - ===== 开始处理 sz002272 =====
2026-05-10 22:36:29,260 - INFO - sz002272 日线数据已是最新，无需更新
2026-05-10 22:36:29,261 - INFO - 开始采集 sz002272 财务数据
2026-05-10 22:36:31,609 - INFO - sz002272 没有新的财务数据
2026-05-10 22:36:31,611 - INFO - sz002272 公告数据已是最新，无需更新
2026-05-10 22:36:31,611 - INFO - ===== sz002272 处理完成 =====
2026-05-10 22:36:31,611 - INFO - ===== 开始处理 sh600346 =====
2026-05-10 22:36:31,612 - INFO - sh600346 日线数据已是最新，无需更新
2026-05-10 22:36:31,613 - INFO - 开始采集 sh600346 财务数据
2026-05-10 22:36:34,100 - INFO - sh600346 没有新的财务数据
2026-05-10 22:36:34,101 - INFO - sh600346 公告数据已是最新，无需更新
2026-05-10 22:36:34,101 - INFO - ===== sh600346 处理完成 =====
2026-05-10 22:36:34,101 - INFO - ===== 开始处理 sh600309 =====
2026-05-10 22:36:34,102 - INFO - sh600309 日线数据已是最新，无需更新
2026-05-10 22:36:34,103 - INFO - 开始采集 sh600309 财务数据
2026-05-10 22:36:36,982 - INFO - sh600309 没有新的财务数据
2026-05-10 22:36:36,983 - INFO - sh600309 公告数据已是最新，无需更新
2026-05-10 22:36:36,983 - INFO - ===== sh600309 处理完成 =====
2026-05-10 22:36:36,983 - INFO - ===== 开始处理 sh600887 =====
2026-05-10 22:36:36,984 - INFO - sh600887 日线数据已是最新，无需更新
2026-05-10 22:36:36,984 - INFO - 开始采集 sh600887 财务数据
2026-05-10 22:36:39,688 - INFO - sh600887 没有新的财务数据
2026-05-10 22:36:39,689 - INFO - sh600887 公告数据已是最新，无需更新
2026-05-10 22:36:39,689 - INFO - ===== sh600887 处理完成 =====
2026-05-10 22:36:39,689 - INFO - ===== 开始处理 sh600276 =====
2026-05-10 22:36:39,690 - INFO - sh600276 日线数据已是最新，无需更新
2026-05-10 22:36:39,691 - INFO - 开始采集 sh600276 财务数据
2026-05-10 22:36:42,473 - INFO - sh600276 没有新的财务数据
2026-05-10 22:36:42,475 - INFO - sh600276 公告数据已是最新，无需更新
2026-05-10 22:36:42,475 - INFO - ===== sh600276 处理完成 =====
2026-05-10 22:36:42,475 - INFO - ===== 开始处理 sz002714 =====
2026-05-10 22:36:42,476 - INFO - sz002714 日线数据已是最新，无需更新
2026-05-10 22:36:42,476 - INFO - 开始采集 sz002714 财务数据
2026-05-10 22:36:44,482 - INFO - sz002714 没有新的财务数据
2026-05-10 22:36:44,483 - INFO - sz002714 公告数据已是最新，无需更新
2026-05-10 22:36:44,484 - INFO - ===== sz002714 处理完成 =====
2026-05-10 22:36:44,484 - INFO - ===== 开始处理 sz000725 =====
2026-05-10 22:36:44,484 - INFO - sz000725 日线数据已是最新，无需更新
2026-05-10 22:36:44,485 - INFO - 开始采集 sz000725 财务数据
2026-05-10 22:36:47,339 - INFO - sz000725 没有新的财务数据
2026-05-10 22:36:47,340 - INFO - sz000725 公告数据已是最新，无需更新
2026-05-10 22:36:47,340 - INFO - ===== sz000725 处理完成 =====
2026-05-10 22:36:47,340 - INFO - 全量数据采集完成
2026-05-10 22:36:47,343 - INFO - 数据库连接已关闭
2026-05-11 10:40:52,037 - INFO - 数据库表结构初始化完成
2026-05-11 10:40:52,038 - INFO - 开始全量数据采集
2026-05-11 10:40:52,038 - INFO - ===== 开始处理 sh600519 =====
2026-05-11 10:40:52,041 - INFO - 开始采集 sh600519 日线数据，时间范围：20260511 至 20260511
2026-05-11 10:40:53,756 - INFO - sh600519 没有新的日线数据
2026-05-11 10:40:53,758 - INFO - 开始采集 sh600519 财务数据
2026-05-11 10:40:56,471 - INFO - sh600519 没有新的财务数据
2026-05-11 10:40:56,473 - INFO - 开始采集 sh600519 公告数据，时间范围：2026-05-11 至 2026-05-11
2026-05-11 10:40:56,906 - ERROR - sh600519 公告数据采集失败：'代码'
2026-05-11 10:40:56,907 - INFO - 开始采集 sh600519 总股本数据
2026-05-11 10:40:57,441 - INFO - sh600519 总股本数据采集完成，总股本：12,522,702,150,000 股
2026-05-11 10:40:57,441 - INFO - 开始采集 sh600519 分红数据
2026-05-11 10:40:57,441 - INFO - sh600519 分红数据接口调用失败
2026-05-11 10:40:57,441 - INFO - 开始计算 sh600519 技术指标
2026-05-11 10:40:57,471 - INFO - sh600519 技术指标计算完成，共 2422 条记录
2026-05-11 10:40:57,472 - INFO - 开始计算 sh600519 估值指标
2026-05-11 10:40:57,496 - ERROR - sh600519 估值指标计算失败：unsupported operand type(s) for /: 'float' and 'decimal.Decimal'
2026-05-11 10:40:57,496 - INFO - ===== sh600519 处理完成 =====
2026-05-11 10:40:57,496 - INFO - ===== 开始处理 sz002843 =====
2026-05-11 10:40:57,498 - INFO - 开始采集 sz002843 日线数据，时间范围：20260511 至 20260511
2026-05-11 10:40:58,676 - INFO - sz002843 没有新的日线数据
2026-05-11 10:40:58,678 - INFO - 开始采集 sz002843 财务数据
2026-05-11 10:41:00,574 - INFO - sz002843 没有新的财务数据
2026-05-11 10:41:00,576 - INFO - 开始采集 sz002843 公告数据，时间范围：2026-05-11 至 2026-05-11
2026-05-11 10:41:00,902 - ERROR - sz002843 公告数据采集失败：'代码'
2026-05-11 10:41:00,903 - INFO - 开始采集 sz002843 总股本数据
2026-05-11 10:41:01,234 - INFO - sz002843 总股本数据采集完成，总股本：2,517,375,620,000 股
2026-05-11 10:41:01,234 - INFO - 开始采集 sz002843 分红数据
2026-05-11 10:41:01,234 - INFO - sz002843 分红数据接口调用失败
2026-05-11 10:41:01,234 - INFO - 开始计算 sz002843 技术指标
2026-05-11 10:41:01,257 - INFO - sz002843 技术指标计算完成，共 2249 条记录
2026-05-11 10:41:01,257 - INFO - 开始计算 sz002843 估值指标
2026-05-11 10:41:01,264 - ERROR - sz002843 估值指标计算失败：unsupported operand type(s) for /: 'float' and 'decimal.Decimal'
2026-05-11 10:41:01,265 - INFO - ===== sz002843 处理完成 =====
2026-05-11 10:41:01,265 - INFO - ===== 开始处理 sz002272 =====
2026-05-11 10:41:01,266 - INFO - 开始采集 sz002272 日线数据，时间范围：20260511 至 20260511
2026-05-11 10:41:02,460 - INFO - sz002272 没有新的日线数据
2026-05-11 10:41:02,461 - INFO - 开始采集 sz002272 财务数据
2026-05-11 10:41:04,821 - INFO - sz002272 没有新的财务数据
2026-05-11 10:41:04,822 - INFO - 开始采集 sz002272 公告数据，时间范围：2026-05-11 至 2026-05-11
2026-05-11 10:41:05,165 - ERROR - sz002272 公告数据采集失败：'代码'
2026-05-11 10:41:05,167 - INFO - 开始采集 sz002272 总股本数据
2026-05-11 10:41:05,468 - ERROR - sz002272 总股本数据采集失败：('Connection aborted.', RemoteDisconnected('Remote end closed connection without response'))
2026-05-11 10:41:05,468 - INFO - 开始采集 sz002272 分红数据
2026-05-11 10:41:05,468 - INFO - sz002272 分红数据接口调用失败
2026-05-11 10:41:05,468 - INFO - 开始计算 sz002272 技术指标
2026-05-11 10:41:05,490 - INFO - sz002272 技术指标计算完成，共 2382 条记录
2026-05-11 10:41:05,490 - INFO - 开始计算 sz002272 估值指标
2026-05-11 10:41:06,946 - INFO - sz002272 估值指标计算完成，共 2386 条记录
2026-05-11 10:41:06,947 - INFO - ===== sz002272 处理完成 =====
2026-05-11 10:41:06,947 - INFO - ===== 开始处理 sh600346 =====
2026-05-11 10:41:06,948 - INFO - 开始采集 sh600346 日线数据，时间范围：20260511 至 20260511
2026-05-11 10:41:08,115 - INFO - sh600346 没有新的日线数据
2026-05-11 10:41:08,116 - INFO - 开始采集 sh600346 财务数据
2026-05-11 10:41:10,771 - INFO - sh600346 没有新的财务数据
2026-05-11 10:41:10,773 - INFO - 开始采集 sh600346 公告数据，时间范围：2026-05-11 至 2026-05-11
2026-05-11 10:41:11,099 - ERROR - sh600346 公告数据采集失败：'代码'
2026-05-11 10:41:11,101 - INFO - 开始采集 sh600346 总股本数据
2026-05-11 10:41:11,414 - ERROR - sh600346 总股本数据采集失败：('Connection aborted.', RemoteDisconnected('Remote end closed connection without response'))
2026-05-11 10:41:11,414 - INFO - 开始采集 sh600346 分红数据
2026-05-11 10:41:11,415 - INFO - sh600346 分红数据接口调用失败
2026-05-11 10:41:11,415 - INFO - 开始计算 sh600346 技术指标
2026-05-11 10:41:11,438 - INFO - sh600346 技术指标计算完成，共 2316 条记录
2026-05-11 10:41:11,439 - INFO - 开始计算 sh600346 估值指标
2026-05-11 10:41:12,800 - INFO - sh600346 估值指标计算完成，共 2320 条记录
2026-05-11 10:41:12,801 - INFO - ===== sh600346 处理完成 =====
2026-05-11 10:41:12,801 - INFO - ===== 开始处理 sh600309 =====
2026-05-11 10:41:12,802 - INFO - 开始采集 sh600309 日线数据，时间范围：20260511 至 20260511
2026-05-11 10:41:14,146 - INFO - sh600309 没有新的日线数据
2026-05-11 10:41:14,147 - INFO - 开始采集 sh600309 财务数据
2026-05-11 10:41:17,027 - INFO - sh600309 没有新的财务数据
2026-05-11 10:41:17,028 - INFO - 开始采集 sh600309 公告数据，时间范围：2026-05-11 至 2026-05-11
2026-05-11 10:41:17,339 - ERROR - sh600309 公告数据采集失败：'代码'
2026-05-11 10:41:17,341 - INFO - 开始采集 sh600309 总股本数据
2026-05-11 10:41:17,871 - INFO - sh600309 总股本数据采集完成，总股本：31,304,716,260,000 股
2026-05-11 10:41:17,872 - INFO - 开始采集 sh600309 分红数据
2026-05-11 10:41:17,872 - INFO - sh600309 分红数据接口调用失败
2026-05-11 10:41:17,872 - INFO - 开始计算 sh600309 技术指标
2026-05-11 10:41:17,897 - INFO - sh600309 技术指标计算完成，共 2297 条记录
2026-05-11 10:41:17,897 - INFO - 开始计算 sh600309 估值指标
2026-05-11 10:41:17,922 - ERROR - sh600309 估值指标计算失败：unsupported operand type(s) for /: 'float' and 'decimal.Decimal'
2026-05-11 10:41:17,922 - INFO - ===== sh600309 处理完成 =====
2026-05-11 10:41:17,922 - INFO - ===== 开始处理 sh600887 =====
2026-05-11 10:41:17,924 - INFO - 开始采集 sh600887 日线数据，时间范围：20260511 至 20260511
2026-05-11 10:41:19,146 - INFO - sh600887 没有新的日线数据
2026-05-11 10:41:19,147 - INFO - 开始采集 sh600887 财务数据
2026-05-11 10:41:21,964 - INFO - sh600887 没有新的财务数据
2026-05-11 10:41:21,965 - INFO - 开始采集 sh600887 公告数据，时间范围：2026-05-11 至 2026-05-11
2026-05-11 10:41:22,269 - ERROR - sh600887 公告数据采集失败：'代码'
2026-05-11 10:41:22,271 - INFO - 开始采集 sh600887 总股本数据
2026-05-11 10:41:22,780 - INFO - sh600887 总股本数据采集完成，总股本：63,253,606,670,000 股
2026-05-11 10:41:22,780 - INFO - 开始采集 sh600887 分红数据
2026-05-11 10:41:22,781 - INFO - sh600887 分红数据接口调用失败
2026-05-11 10:41:22,781 - INFO - 开始计算 sh600887 技术指标
2026-05-11 10:41:22,803 - INFO - sh600887 技术指标计算完成，共 2398 条记录
2026-05-11 10:41:22,804 - INFO - 开始计算 sh600887 估值指标
2026-05-11 10:41:22,827 - ERROR - sh600887 估值指标计算失败：unsupported operand type(s) for /: 'float' and 'decimal.Decimal'
2026-05-11 10:41:22,828 - INFO - ===== sh600887 处理完成 =====
2026-05-11 10:41:22,828 - INFO - ===== 开始处理 sh600276 =====
2026-05-11 10:41:22,829 - INFO - 开始采集 sh600276 日线数据，时间范围：20260511 至 20260511
2026-05-11 10:41:24,054 - INFO - sh600276 没有新的日线数据
2026-05-11 10:41:24,055 - INFO - 开始采集 sh600276 财务数据
2026-05-11 10:41:26,917 - INFO - sh600276 没有新的财务数据
2026-05-11 10:41:26,920 - INFO - 开始采集 sh600276 公告数据，时间范围：2026-05-11 至 2026-05-11
2026-05-11 10:41:27,352 - ERROR - sh600276 公告数据采集失败：'代码'
2026-05-11 10:41:27,353 - INFO - 开始采集 sh600276 总股本数据
2026-05-11 10:41:27,948 - INFO - sh600276 总股本数据采集完成，总股本：66,371,998,740,000 股
2026-05-11 10:41:27,948 - INFO - 开始采集 sh600276 分红数据
2026-05-11 10:41:27,949 - INFO - sh600276 分红数据接口调用失败
2026-05-11 10:41:27,949 - INFO - 开始计算 sh600276 技术指标
2026-05-11 10:41:27,971 - INFO - sh600276 技术指标计算完成，共 2422 条记录
2026-05-11 10:41:27,972 - INFO - 开始计算 sh600276 估值指标
2026-05-11 10:41:27,995 - ERROR - sh600276 估值指标计算失败：unsupported operand type(s) for /: 'float' and 'decimal.Decimal'
2026-05-11 10:41:27,995 - INFO - ===== sh600276 处理完成 =====
2026-05-11 10:41:27,996 - INFO - ===== 开始处理 sz002714 =====
2026-05-11 10:41:27,997 - INFO - 开始采集 sz002714 日线数据，时间范围：20260511 至 20260511
2026-05-11 10:41:29,214 - INFO - sz002714 没有新的日线数据
2026-05-11 10:41:29,216 - INFO - 开始采集 sz002714 财务数据
2026-05-11 10:41:31,513 - INFO - sz002714 没有新的财务数据
2026-05-11 10:41:31,515 - INFO - 开始采集 sz002714 公告数据，时间范围：2026-05-11 至 2026-05-11
2026-05-11 10:41:31,901 - ERROR - sz002714 公告数据采集失败：'代码'
2026-05-11 10:41:31,902 - INFO - 开始采集 sz002714 总股本数据
2026-05-11 10:41:32,223 - ERROR - sz002714 总股本数据采集失败：('Connection aborted.', RemoteDisconnected('Remote end closed connection without response'))
2026-05-11 10:41:32,223 - INFO - 开始采集 sz002714 分红数据
2026-05-11 10:41:32,223 - INFO - sz002714 分红数据接口调用失败
2026-05-11 10:41:32,224 - INFO - 开始计算 sz002714 技术指标
2026-05-11 10:41:32,259 - INFO - sz002714 技术指标计算完成，共 2422 条记录
2026-05-11 10:41:32,259 - INFO - 开始计算 sz002714 估值指标
2026-05-11 10:41:33,919 - INFO - sz002714 估值指标计算完成，共 2426 条记录
2026-05-11 10:41:33,920 - INFO - ===== sz002714 处理完成 =====
2026-05-11 10:41:33,920 - INFO - ===== 开始处理 sz000725 =====
2026-05-11 10:41:33,921 - INFO - 开始采集 sz000725 日线数据，时间范围：20260511 至 20260511
2026-05-11 10:41:35,297 - INFO - sz000725 没有新的日线数据
2026-05-11 10:41:35,299 - INFO - 开始采集 sz000725 财务数据
2026-05-11 10:41:38,392 - INFO - sz000725 没有新的财务数据
2026-05-11 10:41:38,394 - INFO - 开始采集 sz000725 公告数据，时间范围：2026-05-11 至 2026-05-11
2026-05-11 10:41:38,752 - ERROR - sz000725 公告数据采集失败：'代码'
2026-05-11 10:41:38,754 - INFO - 开始采集 sz000725 总股本数据
2026-05-11 10:41:39,218 - ERROR - sz000725 总股本数据采集失败：('Connection aborted.', RemoteDisconnected('Remote end closed connection without response'))
2026-05-11 10:41:39,218 - INFO - 开始采集 sz000725 分红数据
2026-05-11 10:41:39,218 - INFO - sz000725 分红数据接口调用失败
2026-05-11 10:41:39,219 - INFO - 开始计算 sz000725 技术指标
2026-05-11 10:41:39,246 - INFO - sz000725 技术指标计算完成，共 2422 条记录
2026-05-11 10:41:39,246 - INFO - 开始计算 sz000725 估值指标
2026-05-11 10:41:40,950 - INFO - sz000725 估值指标计算完成，共 2426 条记录
2026-05-11 10:41:40,950 - INFO - ===== sz000725 处理完成 =====
2026-05-11 10:41:40,951 - INFO - 全量数据采集完成
2026-05-11 10:41:40,974 - INFO - 数据库连接已关闭
2026-05-11 11:57:44,746 - INFO - 数据库表结构初始化完成
2026-05-11 11:57:44,748 - INFO - 开始全量数据采集
2026-05-11 11:57:44,748 - INFO - ===== 开始处理 sh600519 =====
2026-05-11 11:57:44,773 - INFO - 开始采集 sh600519 日线数据，时间范围：20260511 至 20260511
2026-05-11 11:57:46,308 - INFO - sh600519 没有新的日线数据
2026-05-11 11:57:46,313 - INFO - 开始采集 sh600519 财务数据
2026-05-11 11:57:48,994 - INFO - sh600519 没有新的财务数据
2026-05-11 11:57:48,996 - INFO - 开始采集 sh600519 公告数据，时间范围：2026-05-11 至 2026-05-11
2026-05-11 11:57:49,330 - ERROR - sh600519 公告数据采集失败：'代码'
2026-05-11 11:57:49,332 - INFO - 开始采集 sh600519 总股本数据
2026-05-11 11:57:49,751 - ERROR - sh600519 总股本数据采集失败：('Connection aborted.', RemoteDisconnected('Remote end closed connection without response'))
2026-05-11 11:57:49,751 - INFO - 开始采集 sh600519 分红数据
2026-05-11 11:57:50,345 - INFO - sh600519 分红数据采集完成，新增 29 条记录
2026-05-11 11:57:50,345 - INFO - 开始计算 sh600519 财务中间指标
2026-05-11 11:57:50,386 - INFO - sh600519 财务中间指标计算完成，共 40 条记录
2026-05-11 11:57:50,387 - INFO - 开始计算 sh600519 技术指标
2026-05-11 11:57:50,422 - INFO - sh600519 技术指标计算完成，共 2422 条记录
2026-05-11 11:57:50,422 - INFO - 开始计算 sh600519 估值指标
2026-05-11 11:57:50,438 - ERROR - sh600519 估值指标计算失败：unsupported operand type(s) for /: 'decimal.Decimal' and 'float'
2026-05-11 11:57:50,438 - INFO - ===== sh600519 处理完成 =====
2026-05-11 11:57:50,439 - INFO - ===== 开始处理 sz002843 =====
2026-05-11 11:57:50,440 - INFO - 开始采集 sz002843 日线数据，时间范围：20260511 至 20260511
2026-05-11 11:57:51,573 - INFO - sz002843 没有新的日线数据
2026-05-11 11:57:51,574 - INFO - 开始采集 sz002843 财务数据
2026-05-11 11:57:53,391 - INFO - sz002843 没有新的财务数据
2026-05-11 11:57:53,393 - INFO - 开始采集 sz002843 公告数据，时间范围：2026-05-11 至 2026-05-11
2026-05-11 11:57:53,717 - ERROR - sz002843 公告数据采集失败：'代码'
2026-05-11 11:57:53,718 - INFO - 开始采集 sz002843 总股本数据
2026-05-11 11:57:54,132 - ERROR - sz002843 总股本数据采集失败：('Connection aborted.', RemoteDisconnected('Remote end closed connection without response'))
2026-05-11 11:57:54,132 - INFO - 开始采集 sz002843 分红数据
2026-05-11 11:57:54,530 - INFO - sz002843 分红数据采集完成，新增 8 条记录
2026-05-11 11:57:54,530 - INFO - 开始计算 sz002843 财务中间指标
2026-05-11 11:57:54,544 - INFO - sz002843 财务中间指标计算完成，共 40 条记录
2026-05-11 11:57:54,544 - INFO - 开始计算 sz002843 技术指标
2026-05-11 11:57:54,570 - INFO - sz002843 技术指标计算完成，共 2249 条记录
2026-05-11 11:57:54,570 - INFO - 开始计算 sz002843 估值指标
2026-05-11 11:57:54,578 - ERROR - sz002843 估值指标计算失败：unsupported operand type(s) for /: 'decimal.Decimal' and 'float'
2026-05-11 11:57:54,579 - INFO - ===== sz002843 处理完成 =====
2026-05-11 11:57:54,579 - INFO - ===== 开始处理 sz002272 =====
2026-05-11 11:57:54,579 - INFO - 开始采集 sz002272 日线数据，时间范围：20260511 至 20260511
2026-05-11 11:57:55,722 - INFO - sz002272 没有新的日线数据
2026-05-11 11:57:55,723 - INFO - 开始采集 sz002272 财务数据
2026-05-11 11:57:57,930 - INFO - sz002272 没有新的财务数据
2026-05-11 11:57:57,931 - INFO - 开始采集 sz002272 公告数据，时间范围：2026-05-11 至 2026-05-11
2026-05-11 11:57:58,240 - ERROR - sz002272 公告数据采集失败：'代码'
2026-05-11 11:57:58,241 - INFO - 开始采集 sz002272 总股本数据
2026-05-11 11:57:58,647 - ERROR - sz002272 总股本数据采集失败：('Connection aborted.', RemoteDisconnected('Remote end closed connection without response'))
2026-05-11 11:57:58,647 - INFO - 开始采集 sz002272 分红数据
2026-05-11 11:57:59,026 - INFO - sz002272 分红数据采集完成，新增 6 条记录
2026-05-11 11:57:59,026 - INFO - 开始计算 sz002272 财务中间指标
2026-05-11 11:57:59,042 - INFO - sz002272 财务中间指标计算完成，共 40 条记录
2026-05-11 11:57:59,042 - INFO - 开始计算 sz002272 技术指标
2026-05-11 11:57:59,064 - INFO - sz002272 技术指标计算完成，共 2382 条记录
2026-05-11 11:57:59,064 - INFO - 开始计算 sz002272 估值指标
2026-05-11 11:58:00,538 - INFO - sz002272 估值指标计算完成，共 2386 条记录
2026-05-11 11:58:00,539 - INFO - ===== sz002272 处理完成 =====
2026-05-11 11:58:00,539 - INFO - ===== 开始处理 sh600346 =====
2026-05-11 11:58:00,540 - INFO - 开始采集 sh600346 日线数据，时间范围：20260511 至 20260511
2026-05-11 11:58:01,744 - INFO - sh600346 没有新的日线数据
2026-05-11 11:58:01,746 - INFO - 开始采集 sh600346 财务数据
2026-05-11 11:58:04,255 - INFO - sh600346 没有新的财务数据
2026-05-11 11:58:04,256 - INFO - 开始采集 sh600346 公告数据，时间范围：2026-05-11 至 2026-05-11
2026-05-11 11:58:04,602 - ERROR - sh600346 公告数据采集失败：'代码'
2026-05-11 11:58:04,603 - INFO - 开始采集 sh600346 总股本数据
2026-05-11 11:58:04,998 - ERROR - sh600346 总股本数据采集失败：('Connection aborted.', RemoteDisconnected('Remote end closed connection without response'))
2026-05-11 11:58:04,998 - INFO - 开始采集 sh600346 分红数据
2026-05-11 11:58:05,414 - INFO - sh600346 分红数据采集完成，新增 15 条记录
2026-05-11 11:58:05,415 - INFO - 开始计算 sh600346 财务中间指标
2026-05-11 11:58:05,428 - INFO - sh600346 财务中间指标计算完成，共 40 条记录
2026-05-11 11:58:05,428 - INFO - 开始计算 sh600346 技术指标
2026-05-11 11:58:05,450 - INFO - sh600346 技术指标计算完成，共 2316 条记录
2026-05-11 11:58:05,450 - INFO - 开始计算 sh600346 估值指标
2026-05-11 11:58:05,457 - ERROR - sh600346 估值指标计算失败：unsupported operand type(s) for /: 'decimal.Decimal' and 'float'
2026-05-11 11:58:05,457 - INFO - ===== sh600346 处理完成 =====
2026-05-11 11:58:05,458 - INFO - ===== 开始处理 sh600309 =====
2026-05-11 11:58:05,459 - INFO - 开始采集 sh600309 日线数据，时间范围：20260511 至 20260511
2026-05-11 11:58:06,666 - INFO - sh600309 没有新的日线数据
2026-05-11 11:58:06,667 - INFO - 开始采集 sh600309 财务数据
2026-05-11 11:58:09,411 - INFO - sh600309 没有新的财务数据
2026-05-11 11:58:09,412 - INFO - 开始采集 sh600309 公告数据，时间范围：2026-05-11 至 2026-05-11
2026-05-11 11:58:09,754 - ERROR - sh600309 公告数据采集失败：'代码'
2026-05-11 11:58:09,756 - INFO - 开始采集 sh600309 总股本数据
2026-05-11 11:58:10,214 - ERROR - sh600309 总股本数据采集失败：('Connection aborted.', RemoteDisconnected('Remote end closed connection without response'))
2026-05-11 11:58:10,214 - INFO - 开始采集 sh600309 分红数据
2026-05-11 11:58:10,645 - INFO - sh600309 分红数据采集完成，新增 26 条记录
2026-05-11 11:58:10,645 - INFO - 开始计算 sh600309 财务中间指标
2026-05-11 11:58:10,659 - INFO - sh600309 财务中间指标计算完成，共 40 条记录
2026-05-11 11:58:10,660 - INFO - 开始计算 sh600309 技术指标
2026-05-11 11:58:10,682 - INFO - sh600309 技术指标计算完成，共 2297 条记录
2026-05-11 11:58:10,683 - INFO - 开始计算 sh600309 估值指标
2026-05-11 11:58:10,689 - ERROR - sh600309 估值指标计算失败：unsupported operand type(s) for /: 'decimal.Decimal' and 'float'
2026-05-11 11:58:10,690 - INFO - ===== sh600309 处理完成 =====
2026-05-11 11:58:10,690 - INFO - ===== 开始处理 sh600887 =====
2026-05-11 11:58:10,691 - INFO - 开始采集 sh600887 日线数据，时间范围：20260511 至 20260511
2026-05-11 11:58:12,002 - INFO - sh600887 没有新的日线数据
2026-05-11 11:58:12,003 - INFO - 开始采集 sh600887 财务数据
2026-05-11 11:58:14,734 - INFO - sh600887 没有新的财务数据
2026-05-11 11:58:14,736 - INFO - 开始采集 sh600887 公告数据，时间范围：2026-05-11 至 2026-05-11
2026-05-11 11:58:15,058 - ERROR - sh600887 公告数据采集失败：'代码'
2026-05-11 11:58:15,060 - INFO - 开始采集 sh600887 总股本数据
2026-05-11 11:58:15,504 - ERROR - sh600887 总股本数据采集失败：('Connection aborted.', RemoteDisconnected('Remote end closed connection without response'))
2026-05-11 11:58:15,504 - INFO - 开始采集 sh600887 分红数据
2026-05-11 11:58:15,911 - INFO - sh600887 分红数据采集完成，新增 26 条记录
2026-05-11 11:58:15,911 - INFO - 开始计算 sh600887 财务中间指标
2026-05-11 11:58:15,924 - INFO - sh600887 财务中间指标计算完成，共 40 条记录
2026-05-11 11:58:15,924 - INFO - 开始计算 sh600887 技术指标
2026-05-11 11:58:15,947 - INFO - sh600887 技术指标计算完成，共 2398 条记录
2026-05-11 11:58:15,947 - INFO - 开始计算 sh600887 估值指标
2026-05-11 11:58:15,955 - ERROR - sh600887 估值指标计算失败：unsupported operand type(s) for /: 'decimal.Decimal' and 'float'
2026-05-11 11:58:15,955 - INFO - ===== sh600887 处理完成 =====
2026-05-11 11:58:15,955 - INFO - ===== 开始处理 sh600276 =====
2026-05-11 11:58:15,956 - INFO - 开始采集 sh600276 日线数据，时间范围：20260511 至 20260511
2026-05-11 11:58:17,452 - INFO - sh600276 没有新的日线数据
2026-05-11 11:58:17,454 - INFO - 开始采集 sh600276 财务数据
2026-05-11 11:58:20,129 - INFO - sh600276 没有新的财务数据
2026-05-11 11:58:20,131 - INFO - 开始采集 sh600276 公告数据，时间范围：2026-05-11 至 2026-05-11
2026-05-11 11:58:20,448 - ERROR - sh600276 公告数据采集失败：'代码'
2026-05-11 11:58:20,449 - INFO - 开始采集 sh600276 总股本数据
2026-05-11 11:58:20,874 - ERROR - sh600276 总股本数据采集失败：('Connection aborted.', RemoteDisconnected('Remote end closed connection without response'))
2026-05-11 11:58:20,875 - INFO - 开始采集 sh600276 分红数据
2026-05-11 11:58:21,302 - INFO - sh600276 分红数据采集完成，新增 25 条记录
2026-05-11 11:58:21,302 - INFO - 开始计算 sh600276 财务中间指标
2026-05-11 11:58:21,315 - INFO - sh600276 财务中间指标计算完成，共 40 条记录
2026-05-11 11:58:21,315 - INFO - 开始计算 sh600276 技术指标
2026-05-11 11:58:21,337 - INFO - sh600276 技术指标计算完成，共 2422 条记录
2026-05-11 11:58:21,338 - INFO - 开始计算 sh600276 估值指标
2026-05-11 11:58:21,344 - ERROR - sh600276 估值指标计算失败：unsupported operand type(s) for /: 'decimal.Decimal' and 'float'
2026-05-11 11:58:21,345 - INFO - ===== sh600276 处理完成 =====
2026-05-11 11:58:21,345 - INFO - ===== 开始处理 sz002714 =====
2026-05-11 11:58:21,346 - INFO - 开始采集 sz002714 日线数据，时间范围：20260511 至 20260511
2026-05-11 11:58:22,614 - INFO - sz002714 没有新的日线数据
2026-05-11 11:58:22,615 - INFO - 开始采集 sz002714 财务数据
2026-05-11 11:58:25,414 - INFO - sz002714 没有新的财务数据
2026-05-11 11:58:25,416 - INFO - 开始采集 sz002714 公告数据，时间范围：2026-05-11 至 2026-05-11
2026-05-11 11:58:25,724 - ERROR - sz002714 公告数据采集失败：'代码'
2026-05-11 11:58:25,726 - INFO - 开始采集 sz002714 总股本数据
2026-05-11 11:58:26,136 - ERROR - sz002714 总股本数据采集失败：('Connection aborted.', RemoteDisconnected('Remote end closed connection without response'))
2026-05-11 11:58:26,137 - INFO - 开始采集 sz002714 分红数据
2026-05-11 11:58:26,507 - INFO - sz002714 分红数据采集完成，新增 13 条记录
2026-05-11 11:58:26,508 - INFO - 开始计算 sz002714 财务中间指标
2026-05-11 11:58:26,521 - INFO - sz002714 财务中间指标计算完成，共 40 条记录
2026-05-11 11:58:26,522 - INFO - 开始计算 sz002714 技术指标
2026-05-11 11:58:26,543 - INFO - sz002714 技术指标计算完成，共 2422 条记录
2026-05-11 11:58:26,544 - INFO - 开始计算 sz002714 估值指标
2026-05-11 11:58:26,550 - ERROR - sz002714 估值指标计算失败：unsupported operand type(s) for /: 'decimal.Decimal' and 'float'
2026-05-11 11:58:26,550 - INFO - ===== sz002714 处理完成 =====
2026-05-11 11:58:26,550 - INFO - ===== 开始处理 sz000725 =====
2026-05-11 11:58:26,551 - INFO - 开始采集 sz000725 日线数据，时间范围：20260511 至 20260511
2026-05-11 11:58:27,697 - INFO - sz000725 没有新的日线数据
2026-05-11 11:58:27,699 - INFO - 开始采集 sz000725 财务数据
2026-05-11 11:58:30,401 - INFO - sz000725 没有新的财务数据
2026-05-11 11:58:30,402 - INFO - 开始采集 sz000725 公告数据，时间范围：2026-05-11 至 2026-05-11
2026-05-11 11:58:30,723 - ERROR - sz000725 公告数据采集失败：'代码'
2026-05-11 11:58:30,725 - INFO - 开始采集 sz000725 总股本数据
2026-05-11 11:58:31,191 - ERROR - sz000725 总股本数据采集失败：('Connection aborted.', RemoteDisconnected('Remote end closed connection without response'))
2026-05-11 11:58:31,191 - INFO - 开始采集 sz000725 分红数据
2026-05-11 11:58:31,584 - INFO - sz000725 分红数据采集完成，新增 15 条记录
2026-05-11 11:58:31,584 - INFO - 开始计算 sz000725 财务中间指标
2026-05-11 11:58:31,597 - INFO - sz000725 财务中间指标计算完成，共 40 条记录
2026-05-11 11:58:31,597 - INFO - 开始计算 sz000725 技术指标
2026-05-11 11:58:31,620 - INFO - sz000725 技术指标计算完成，共 2422 条记录
2026-05-11 11:58:31,620 - INFO - 开始计算 sz000725 估值指标
2026-05-11 11:58:31,627 - ERROR - sz000725 估值指标计算失败：unsupported operand type(s) for /: 'decimal.Decimal' and 'float'
2026-05-11 11:58:31,627 - INFO - ===== sz000725 处理完成 =====
2026-05-11 11:58:31,627 - INFO - 全量数据采集完成
2026-05-11 11:58:31,660 - INFO - 数据库连接已关闭
2026-05-11 13:42:58,841 - INFO - 数据库表结构初始化完成
2026-05-11 13:42:58,841 - INFO - 开始全量数据采集
2026-05-11 13:42:58,842 - INFO - ===== 开始处理 sh600519 =====
2026-05-11 13:42:58,862 - INFO - 开始采集 sh600519 日线数据，时间范围：20260511 至 20260511
2026-05-11 13:43:02,232 - INFO - sh600519 没有新的日线数据
2026-05-11 13:43:02,237 - INFO - 开始采集 sh600519 财务数据
2026-05-11 13:43:06,389 - INFO - sh600519 没有新的财务数据
2026-05-11 13:43:06,391 - INFO - 开始采集 sh600519 公告数据，时间范围：2026-05-11 至 2026-05-11
2026-05-11 13:43:07,052 - ERROR - sh600519 公告数据采集失败：'代码'
2026-05-11 13:43:07,054 - INFO - 开始采集 sh600519 总股本数据
2026-05-11 13:43:07,773 - ERROR - sh600519 总股本数据采集失败：('Connection aborted.', RemoteDisconnected('Remote end closed connection without response'))
2026-05-11 13:43:07,774 - INFO - 开始采集 sh600519 分红数据
2026-05-11 13:43:08,562 - INFO - sh600519 分红数据采集完成，新增 29 条记录
2026-05-11 13:43:08,562 - INFO - 开始计算 sh600519 财务中间指标
2026-05-11 13:43:08,607 - INFO - sh600519 财务中间指标计算完成，共 40 条记录
2026-05-11 13:43:08,608 - INFO - 开始计算 sh600519 技术指标
2026-05-11 13:43:08,648 - INFO - sh600519 技术指标计算完成，共 2422 条记录
2026-05-11 13:43:08,649 - INFO - 开始计算 sh600519 估值指标
2026-05-11 13:43:08,674 - ERROR - sh600519 估值指标计算失败：unsupported operand type(s) for /: 'decimal.Decimal' and 'float'
2026-05-11 13:43:08,675 - INFO - ===== sh600519 处理完成 =====
2026-05-11 13:43:08,675 - INFO - ===== 开始处理 sz002843 =====
2026-05-11 13:43:08,677 - INFO - 开始采集 sz002843 日线数据，时间范围：20260511 至 20260511
2026-05-11 13:43:10,400 - INFO - sz002843 没有新的日线数据
2026-05-11 13:43:10,402 - INFO - 开始采集 sz002843 财务数据
2026-05-11 13:43:12,930 - INFO - sz002843 没有新的财务数据
2026-05-11 13:43:12,932 - INFO - 开始采集 sz002843 公告数据，时间范围：2026-05-11 至 2026-05-11
2026-05-11 13:43:13,451 - ERROR - sz002843 公告数据采集失败：'代码'
2026-05-11 13:43:13,453 - INFO - 开始采集 sz002843 总股本数据
2026-05-11 13:43:14,264 - INFO - sz002843 总股本数据采集完成，总股本：251,737,562 股
2026-05-11 13:43:14,265 - INFO - 开始采集 sz002843 分红数据
2026-05-11 13:43:14,804 - INFO - sz002843 分红数据采集完成，新增 8 条记录
2026-05-11 13:43:14,804 - INFO - 开始计算 sz002843 财务中间指标
2026-05-11 13:43:14,808 - ERROR - sz002843 财务中间指标计算失败：unsupported operand type(s) for /: 'float' and 'decimal.Decimal'
2026-05-11 13:43:14,808 - INFO - 开始计算 sz002843 技术指标
2026-05-11 13:43:14,828 - INFO - sz002843 技术指标计算完成，共 2249 条记录
2026-05-11 13:43:14,829 - INFO - 开始计算 sz002843 估值指标
2026-05-11 13:43:14,838 - ERROR - sz002843 估值指标计算失败：unsupported operand type(s) for /: 'decimal.Decimal' and 'float'
2026-05-11 13:43:14,838 - INFO - ===== sz002843 处理完成 =====
2026-05-11 13:43:14,838 - INFO - ===== 开始处理 sz002272 =====
2026-05-11 13:43:14,840 - INFO - 开始采集 sz002272 日线数据，时间范围：20260511 至 20260511
2026-05-11 13:43:16,384 - INFO - sz002272 没有新的日线数据
2026-05-11 13:43:16,386 - INFO - 开始采集 sz002272 财务数据
2026-05-11 13:43:19,569 - INFO - sz002272 没有新的财务数据
2026-05-11 13:43:19,570 - INFO - 开始采集 sz002272 公告数据，时间范围：2026-05-11 至 2026-05-11
2026-05-11 13:43:20,169 - ERROR - sz002272 公告数据采集失败：'代码'
2026-05-11 13:43:20,172 - INFO - 开始采集 sz002272 总股本数据
2026-05-11 13:43:20,937 - ERROR - sz002272 总股本数据采集失败：('Connection aborted.', RemoteDisconnected('Remote end closed connection without response'))
2026-05-11 13:43:20,938 - INFO - 开始采集 sz002272 分红数据
2026-05-11 13:43:21,696 - INFO - sz002272 分红数据采集完成，新增 6 条记录
2026-05-11 13:43:21,697 - INFO - 开始计算 sz002272 财务中间指标
2026-05-11 13:43:21,716 - INFO - sz002272 财务中间指标计算完成，共 40 条记录
2026-05-11 13:43:21,717 - INFO - 开始计算 sz002272 技术指标
2026-05-11 13:43:21,750 - INFO - sz002272 技术指标计算完成，共 2382 条记录
2026-05-11 13:43:21,750 - INFO - 开始计算 sz002272 估值指标
2026-05-11 13:43:24,579 - INFO - sz002272 估值指标计算完成，共 2386 条记录
2026-05-11 13:43:24,580 - INFO - ===== sz002272 处理完成 =====
2026-05-11 13:43:24,580 - INFO - ===== 开始处理 sh600346 =====
2026-05-11 13:43:24,581 - INFO - 开始采集 sh600346 日线数据，时间范围：20260511 至 20260511
2026-05-11 13:43:26,791 - INFO - sh600346 没有新的日线数据
2026-05-11 13:43:26,793 - INFO - 开始采集 sh600346 财务数据
2026-05-11 13:43:30,786 - INFO - sh600346 没有新的财务数据
2026-05-11 13:43:30,788 - INFO - 开始采集 sh600346 公告数据，时间范围：2026-05-11 至 2026-05-11
2026-05-11 13:43:31,378 - ERROR - sh600346 公告数据采集失败：'代码'
2026-05-11 13:43:31,380 - INFO - 开始采集 sh600346 总股本数据
2026-05-11 13:43:32,039 - ERROR - sh600346 总股本数据采集失败：('Connection aborted.', RemoteDisconnected('Remote end closed connection without response'))
2026-05-11 13:43:32,039 - INFO - 开始采集 sh600346 分红数据
2026-05-11 13:43:32,765 - INFO - sh600346 分红数据采集完成，新增 15 条记录
2026-05-11 13:43:32,766 - INFO - 开始计算 sh600346 财务中间指标
2026-05-11 13:43:32,787 - INFO - sh600346 财务中间指标计算完成，共 40 条记录
2026-05-11 13:43:32,788 - INFO - 开始计算 sh600346 技术指标
2026-05-11 13:43:32,815 - INFO - sh600346 技术指标计算完成，共 2316 条记录
2026-05-11 13:43:32,816 - INFO - 开始计算 sh600346 估值指标
2026-05-11 13:43:32,826 - ERROR - sh600346 估值指标计算失败：unsupported operand type(s) for /: 'decimal.Decimal' and 'float'
2026-05-11 13:43:32,827 - INFO - ===== sh600346 处理完成 =====
2026-05-11 13:43:32,827 - INFO - ===== 开始处理 sh600309 =====
2026-05-11 13:43:32,829 - INFO - 开始采集 sh600309 日线数据，时间范围：20260511 至 20260511
2026-05-11 13:43:35,247 - INFO - sh600309 没有新的日线数据
2026-05-11 13:43:35,249 - INFO - 开始采集 sh600309 财务数据
2026-05-11 13:43:39,416 - INFO - sh600309 没有新的财务数据
2026-05-11 13:43:39,418 - INFO - 开始采集 sh600309 公告数据，时间范围：2026-05-11 至 2026-05-11
2026-05-11 13:43:39,970 - ERROR - sh600309 公告数据采集失败：'代码'
2026-05-11 13:43:39,972 - INFO - 开始采集 sh600309 总股本数据
2026-05-11 13:43:40,700 - ERROR - sh600309 总股本数据采集失败：('Connection aborted.', RemoteDisconnected('Remote end closed connection without response'))
2026-05-11 13:43:40,701 - INFO - 开始采集 sh600309 分红数据
2026-05-11 13:43:41,338 - INFO - sh600309 分红数据采集完成，新增 26 条记录
2026-05-11 13:43:41,339 - INFO - 开始计算 sh600309 财务中间指标
2026-05-11 13:43:41,357 - INFO - sh600309 财务中间指标计算完成，共 40 条记录
2026-05-11 13:43:41,357 - INFO - 开始计算 sh600309 技术指标
2026-05-11 13:43:41,387 - INFO - sh600309 技术指标计算完成，共 2297 条记录
2026-05-11 13:43:41,387 - INFO - 开始计算 sh600309 估值指标
2026-05-11 13:43:41,399 - ERROR - sh600309 估值指标计算失败：unsupported operand type(s) for /: 'decimal.Decimal' and 'float'
2026-05-11 13:43:41,399 - INFO - ===== sh600309 处理完成 =====
2026-05-11 13:43:41,400 - INFO - ===== 开始处理 sh600887 =====
2026-05-11 13:43:41,402 - INFO - 开始采集 sh600887 日线数据，时间范围：20260511 至 20260511
2026-05-11 13:43:43,523 - INFO - sh600887 没有新的日线数据
2026-05-11 13:43:43,525 - INFO - 开始采集 sh600887 财务数据
2026-05-11 13:43:47,488 - INFO - sh600887 没有新的财务数据
2026-05-11 13:43:47,490 - INFO - 开始采集 sh600887 公告数据，时间范围：2026-05-11 至 2026-05-11
2026-05-11 13:43:48,071 - ERROR - sh600887 公告数据采集失败：'代码'
2026-05-11 13:43:48,073 - INFO - 开始采集 sh600887 总股本数据
2026-05-11 13:43:48,747 - INFO - sh600887 总股本数据采集完成，总股本：6,325,360,667 股
2026-05-11 13:43:48,747 - INFO - 开始采集 sh600887 分红数据
2026-05-11 13:43:49,556 - INFO - sh600887 分红数据采集完成，新增 26 条记录
2026-05-11 13:43:49,557 - INFO - 开始计算 sh600887 财务中间指标
2026-05-11 13:43:49,562 - ERROR - sh600887 财务中间指标计算失败：unsupported operand type(s) for /: 'float' and 'decimal.Decimal'
2026-05-11 13:43:49,562 - INFO - 开始计算 sh600887 技术指标
2026-05-11 13:43:49,590 - INFO - sh600887 技术指标计算完成，共 2398 条记录
2026-05-11 13:43:49,591 - INFO - 开始计算 sh600887 估值指标
2026-05-11 13:43:49,601 - ERROR - sh600887 估值指标计算失败：unsupported operand type(s) for /: 'decimal.Decimal' and 'float'
2026-05-11 13:43:49,602 - INFO - ===== sh600887 处理完成 =====
2026-05-11 13:43:49,603 - INFO - ===== 开始处理 sh600276 =====
2026-05-11 13:43:49,604 - INFO - 开始采集 sh600276 日线数据，时间范围：20260511 至 20260511
2026-05-11 13:43:51,829 - INFO - sh600276 没有新的日线数据
2026-05-11 13:43:51,831 - INFO - 开始采集 sh600276 财务数据
2026-05-11 13:43:55,887 - INFO - sh600276 没有新的财务数据
2026-05-11 13:43:55,890 - INFO - 开始采集 sh600276 公告数据，时间范围：2026-05-11 至 2026-05-11
2026-05-11 13:43:56,422 - ERROR - sh600276 公告数据采集失败：'代码'
2026-05-11 13:43:56,426 - INFO - 开始采集 sh600276 总股本数据
2026-05-11 13:43:57,073 - ERROR - sh600276 总股本数据采集失败：('Connection aborted.', RemoteDisconnected('Remote end closed connection without response'))
2026-05-11 13:43:57,074 - INFO - 开始采集 sh600276 分红数据
2026-05-11 13:43:57,759 - INFO - sh600276 分红数据采集完成，新增 25 条记录
2026-05-11 13:43:57,760 - INFO - 开始计算 sh600276 财务中间指标
2026-05-11 13:43:57,781 - INFO - sh600276 财务中间指标计算完成，共 40 条记录
2026-05-11 13:43:57,781 - INFO - 开始计算 sh600276 技术指标
2026-05-11 13:43:57,813 - INFO - sh600276 技术指标计算完成，共 2422 条记录
2026-05-11 13:43:57,814 - INFO - 开始计算 sh600276 估值指标
2026-05-11 13:43:57,826 - ERROR - sh600276 估值指标计算失败：unsupported operand type(s) for /: 'decimal.Decimal' and 'float'
2026-05-11 13:43:57,827 - INFO - ===== sh600276 处理完成 =====
2026-05-11 13:43:57,827 - INFO - ===== 开始处理 sz002714 =====
2026-05-11 13:43:57,829 - INFO - 开始采集 sz002714 日线数据，时间范围：20260511 至 20260511
2026-05-11 13:43:59,878 - INFO - sz002714 没有新的日线数据
2026-05-11 13:43:59,880 - INFO - 开始采集 sz002714 财务数据
2026-05-11 13:44:02,739 - INFO - sz002714 没有新的财务数据
2026-05-11 13:44:02,741 - INFO - 开始采集 sz002714 公告数据，时间范围：2026-05-11 至 2026-05-11
2026-05-11 13:44:03,261 - ERROR - sz002714 公告数据采集失败：'代码'
2026-05-11 13:44:03,263 - INFO - 开始采集 sz002714 总股本数据
2026-05-11 13:44:03,841 - ERROR - sz002714 总股本数据采集失败：('Connection aborted.', RemoteDisconnected('Remote end closed connection without response'))
2026-05-11 13:44:03,841 - INFO - 开始采集 sz002714 分红数据
2026-05-11 13:44:04,390 - INFO - sz002714 分红数据采集完成，新增 13 条记录
2026-05-11 13:44:04,390 - INFO - 开始计算 sz002714 财务中间指标
2026-05-11 13:44:04,404 - INFO - sz002714 财务中间指标计算完成，共 40 条记录
2026-05-11 13:44:04,405 - INFO - 开始计算 sz002714 技术指标
2026-05-11 13:44:04,425 - INFO - sz002714 技术指标计算完成，共 2422 条记录
2026-05-11 13:44:04,426 - INFO - 开始计算 sz002714 估值指标
2026-05-11 13:44:04,435 - ERROR - sz002714 估值指标计算失败：unsupported operand type(s) for /: 'decimal.Decimal' and 'float'
2026-05-11 13:44:04,436 - INFO - ===== sz002714 处理完成 =====
2026-05-11 13:44:04,436 - INFO - ===== 开始处理 sz000725 =====
2026-05-11 13:44:04,437 - INFO - 开始采集 sz000725 日线数据，时间范围：20260511 至 20260511
2026-05-11 13:44:06,114 - INFO - sz000725 没有新的日线数据
2026-05-11 13:44:06,116 - INFO - 开始采集 sz000725 财务数据
2026-05-11 13:44:10,015 - INFO - sz000725 没有新的财务数据
2026-05-11 13:44:10,017 - INFO - 开始采集 sz000725 公告数据，时间范围：2026-05-11 至 2026-05-11
2026-05-11 13:44:10,654 - ERROR - sz000725 公告数据采集失败：'代码'
2026-05-11 13:44:10,657 - INFO - 开始采集 sz000725 总股本数据
2026-05-11 13:44:11,359 - ERROR - sz000725 总股本数据采集失败：('Connection aborted.', RemoteDisconnected('Remote end closed connection without response'))
2026-05-11 13:44:11,360 - INFO - 开始采集 sz000725 分红数据
2026-05-11 13:44:12,180 - INFO - sz000725 分红数据采集完成，新增 15 条记录
2026-05-11 13:44:12,180 - INFO - 开始计算 sz000725 财务中间指标
2026-05-11 13:44:12,202 - INFO - sz000725 财务中间指标计算完成，共 40 条记录
2026-05-11 13:44:12,203 - INFO - 开始计算 sz000725 技术指标
2026-05-11 13:44:12,233 - INFO - sz000725 技术指标计算完成，共 2422 条记录
2026-05-11 13:44:12,234 - INFO - 开始计算 sz000725 估值指标
2026-05-11 13:44:12,246 - ERROR - sz000725 估值指标计算失败：unsupported operand type(s) for /: 'decimal.Decimal' and 'float'
2026-05-11 13:44:12,247 - INFO - ===== sz000725 处理完成 =====
2026-05-11 13:44:12,247 - INFO - 全量数据采集完成
2026-05-11 13:44:12,394 - INFO - 数据库连接已关闭
2026-05-11 13:52:25,804 - INFO - 数据库表结构初始化完成
2026-05-11 13:52:25,805 - INFO - 开始全量数据采集
2026-05-11 13:52:25,805 - INFO - ===== 开始处理 sh600519 =====
2026-05-11 13:52:25,808 - INFO - 开始采集 sh600519 日线数据，时间范围：20260511 至 20260511
2026-05-11 13:52:28,301 - INFO - sh600519 没有新的日线数据
2026-05-11 13:52:28,303 - INFO - 开始采集 sh600519 财务数据
2026-05-11 13:52:32,638 - INFO - sh600519 没有新的财务数据
2026-05-11 13:52:32,640 - INFO - 开始采集 sh600519 公告数据，时间范围：2026-05-11 至 2026-05-11
2026-05-11 13:52:33,319 - ERROR - sh600519 公告数据采集失败：'代码'
2026-05-11 13:52:33,321 - INFO - 开始采集 sh600519 总股本数据
2026-05-11 13:52:34,029 - ERROR - sh600519 总股本数据采集失败：('Connection aborted.', RemoteDisconnected('Remote end closed connection without response'))
2026-05-11 13:52:34,030 - INFO - 开始采集 sh600519 分红数据
2026-05-11 13:52:34,838 - INFO - sh600519 分红数据采集完成，新增 29 条记录
2026-05-11 13:52:34,839 - INFO - 开始计算 sh600519 财务中间指标
2026-05-11 13:52:34,886 - INFO - sh600519 财务中间指标计算完成，共 40 条记录
2026-05-11 13:52:34,886 - INFO - 开始计算 sh600519 技术指标
2026-05-11 13:52:34,941 - INFO - sh600519 技术指标计算完成，共 2422 条记录
2026-05-11 13:52:34,942 - INFO - 开始计算 sh600519 估值指标
2026-05-11 13:52:37,861 - INFO - sh600519 估值指标计算完成，共 2426 条记录
2026-05-11 13:52:37,863 - INFO - ===== sh600519 处理完成 =====
2026-05-11 13:52:37,863 - INFO - ===== 开始处理 sz002843 =====
2026-05-11 13:52:37,864 - INFO - 开始采集 sz002843 日线数据，时间范围：20260511 至 20260511
2026-05-11 13:52:39,416 - INFO - sz002843 没有新的日线数据
2026-05-11 13:52:39,418 - INFO - 开始采集 sz002843 财务数据
2026-05-11 13:52:42,269 - INFO - sz002843 没有新的财务数据
2026-05-11 13:52:42,271 - INFO - 开始采集 sz002843 公告数据，时间范围：2026-05-11 至 2026-05-11
2026-05-11 13:52:42,861 - ERROR - sz002843 公告数据采集失败：'代码'
2026-05-11 13:52:42,863 - INFO - 开始采集 sz002843 总股本数据
2026-05-11 13:52:43,543 - ERROR - sz002843 总股本数据采集失败：('Connection aborted.', RemoteDisconnected('Remote end closed connection without response'))
2026-05-11 13:52:43,544 - INFO - 开始采集 sz002843 分红数据
2026-05-11 13:52:44,258 - INFO - sz002843 分红数据采集完成，新增 8 条记录
2026-05-11 13:52:44,259 - INFO - 开始计算 sz002843 财务中间指标
2026-05-11 13:52:44,309 - INFO - sz002843 财务中间指标计算完成，共 40 条记录
2026-05-11 13:52:44,310 - INFO - 开始计算 sz002843 技术指标
2026-05-11 13:52:44,351 - INFO - sz002843 技术指标计算完成，共 2249 条记录
2026-05-11 13:52:44,352 - INFO - 开始计算 sz002843 估值指标
2026-05-11 13:52:46,890 - INFO - sz002843 估值指标计算完成，共 2253 条记录
2026-05-11 13:52:46,891 - INFO - ===== sz002843 处理完成 =====
2026-05-11 13:52:46,891 - INFO - ===== 开始处理 sz002272 =====
2026-05-11 13:52:46,893 - INFO - 开始采集 sz002272 日线数据，时间范围：20260511 至 20260511
2026-05-11 13:52:48,455 - INFO - sz002272 没有新的日线数据
2026-05-11 13:52:48,457 - INFO - 开始采集 sz002272 财务数据
2026-05-11 13:52:52,350 - INFO - sz002272 没有新的财务数据
2026-05-11 13:52:52,352 - INFO - 开始采集 sz002272 公告数据，时间范围：2026-05-11 至 2026-05-11
2026-05-11 13:52:52,911 - ERROR - sz002272 公告数据采集失败：'代码'
2026-05-11 13:52:52,913 - INFO - 开始采集 sz002272 总股本数据
2026-05-11 13:52:53,776 - INFO - sz002272 总股本数据采集完成，总股本：484,877,300 股
2026-05-11 13:52:53,777 - INFO - 开始采集 sz002272 分红数据
2026-05-11 13:52:54,532 - INFO - sz002272 分红数据采集完成，新增 6 条记录
2026-05-11 13:52:54,532 - INFO - 开始计算 sz002272 财务中间指标
2026-05-11 13:52:54,559 - INFO - sz002272 财务中间指标计算完成，共 40 条记录
2026-05-11 13:52:54,560 - INFO - 开始计算 sz002272 技术指标
2026-05-11 13:52:54,593 - INFO - sz002272 技术指标计算完成，共 2382 条记录
2026-05-11 13:52:54,594 - INFO - 开始计算 sz002272 估值指标
2026-05-11 13:52:57,446 - INFO - sz002272 估值指标计算完成，共 2386 条记录
2026-05-11 13:52:57,447 - INFO - ===== sz002272 处理完成 =====
2026-05-11 13:52:57,448 - INFO - ===== 开始处理 sh600346 =====
2026-05-11 13:52:57,449 - INFO - 开始采集 sh600346 日线数据，时间范围：20260511 至 20260511
2026-05-11 13:52:59,839 - INFO - sh600346 没有新的日线数据
2026-05-11 13:52:59,841 - INFO - 开始采集 sh600346 财务数据
2026-05-11 13:53:04,270 - INFO - sh600346 没有新的财务数据
2026-05-11 13:53:04,271 - INFO - 开始采集 sh600346 公告数据，时间范围：2026-05-11 至 2026-05-11
2026-05-11 13:53:04,819 - ERROR - sh600346 公告数据采集失败：'代码'
2026-05-11 13:53:04,821 - INFO - 开始采集 sh600346 总股本数据
2026-05-11 13:53:05,350 - ERROR - sh600346 总股本数据采集失败：('Connection aborted.', RemoteDisconnected('Remote end closed connection without response'))
2026-05-11 13:53:05,350 - INFO - 开始采集 sh600346 分红数据
2026-05-11 13:53:05,859 - INFO - sh600346 分红数据采集完成，新增 15 条记录
2026-05-11 13:53:05,859 - INFO - 开始计算 sh600346 财务中间指标
2026-05-11 13:53:05,877 - INFO - sh600346 财务中间指标计算完成，共 40 条记录
2026-05-11 13:53:05,877 - INFO - 开始计算 sh600346 技术指标
2026-05-11 13:53:05,903 - INFO - sh600346 技术指标计算完成，共 2316 条记录
2026-05-11 13:53:05,904 - INFO - 开始计算 sh600346 估值指标
2026-05-11 13:53:07,830 - INFO - sh600346 估值指标计算完成，共 2320 条记录
2026-05-11 13:53:07,831 - INFO - ===== sh600346 处理完成 =====
2026-05-11 13:53:07,832 - INFO - ===== 开始处理 sh600309 =====
2026-05-11 13:53:07,834 - INFO - 开始采集 sh600309 日线数据，时间范围：20260511 至 20260511
2026-05-11 13:53:09,403 - INFO - sh600309 没有新的日线数据
2026-05-11 13:53:09,405 - INFO - 开始采集 sh600309 财务数据
2026-05-11 13:53:13,867 - INFO - sh600309 没有新的财务数据
2026-05-11 13:53:13,869 - INFO - 开始采集 sh600309 公告数据，时间范围：2026-05-11 至 2026-05-11
2026-05-11 13:53:14,315 - ERROR - sh600309 公告数据采集失败：'代码'
2026-05-11 13:53:14,316 - INFO - 开始采集 sh600309 总股本数据
2026-05-11 13:53:14,733 - ERROR - sh600309 总股本数据采集失败：('Connection aborted.', RemoteDisconnected('Remote end closed connection without response'))
2026-05-11 13:53:14,734 - INFO - 开始采集 sh600309 分红数据
2026-05-11 13:53:15,302 - INFO - sh600309 分红数据采集完成，新增 26 条记录
2026-05-11 13:53:15,303 - INFO - 开始计算 sh600309 财务中间指标
2026-05-11 13:53:15,341 - INFO - sh600309 财务中间指标计算完成，共 40 条记录
2026-05-11 13:53:15,341 - INFO - 开始计算 sh600309 技术指标
2026-05-11 13:53:15,368 - INFO - sh600309 技术指标计算完成，共 2297 条记录
2026-05-11 13:53:15,369 - INFO - 开始计算 sh600309 估值指标
2026-05-11 13:53:17,171 - INFO - sh600309 估值指标计算完成，共 2301 条记录
2026-05-11 13:53:17,172 - INFO - ===== sh600309 处理完成 =====
2026-05-11 13:53:17,172 - INFO - ===== 开始处理 sh600887 =====
2026-05-11 13:53:17,173 - INFO - 开始采集 sh600887 日线数据，时间范围：20260511 至 20260511
2026-05-11 13:53:18,672 - INFO - sh600887 没有新的日线数据
2026-05-11 13:53:18,674 - INFO - 开始采集 sh600887 财务数据
2026-05-11 13:53:22,036 - INFO - sh600887 没有新的财务数据
2026-05-11 13:53:22,037 - INFO - 开始采集 sh600887 公告数据，时间范围：2026-05-11 至 2026-05-11
2026-05-11 13:53:22,440 - ERROR - sh600887 公告数据采集失败：'代码'
2026-05-11 13:53:22,442 - INFO - 开始采集 sh600887 总股本数据
2026-05-11 13:53:22,972 - ERROR - sh600887 总股本数据采集失败：('Connection aborted.', RemoteDisconnected('Remote end closed connection without response'))
2026-05-11 13:53:22,972 - INFO - 开始采集 sh600887 分红数据
2026-05-11 13:53:23,601 - INFO - sh600887 分红数据采集完成，新增 26 条记录
2026-05-11 13:53:23,602 - INFO - 开始计算 sh600887 财务中间指标
2026-05-11 13:53:23,625 - INFO - sh600887 财务中间指标计算完成，共 40 条记录
2026-05-11 13:53:23,625 - INFO - 开始计算 sh600887 技术指标
2026-05-11 13:53:23,658 - INFO - sh600887 技术指标计算完成，共 2398 条记录
2026-05-11 13:53:23,658 - INFO - 开始计算 sh600887 估值指标
2026-05-11 13:53:25,547 - INFO - sh600887 估值指标计算完成，共 2402 条记录
2026-05-11 13:53:25,548 - INFO - ===== sh600887 处理完成 =====
2026-05-11 13:53:25,548 - INFO - ===== 开始处理 sh600276 =====
2026-05-11 13:53:25,549 - INFO - 开始采集 sh600276 日线数据，时间范围：20260511 至 20260511
2026-05-11 13:53:26,965 - INFO - sh600276 没有新的日线数据
2026-05-11 13:53:26,967 - INFO - 开始采集 sh600276 财务数据
2026-05-11 13:53:30,282 - INFO - sh600276 没有新的财务数据
2026-05-11 13:53:30,284 - INFO - 开始采集 sh600276 公告数据，时间范围：2026-05-11 至 2026-05-11
2026-05-11 13:53:30,799 - ERROR - sh600276 公告数据采集失败：'代码'
2026-05-11 13:53:30,802 - INFO - 开始采集 sh600276 总股本数据
2026-05-11 13:53:31,408 - INFO - sh600276 总股本数据采集完成，总股本：6,637,199,874 股
2026-05-11 13:53:31,409 - INFO - 开始采集 sh600276 分红数据
2026-05-11 13:53:31,964 - INFO - sh600276 分红数据采集完成，新增 25 条记录
2026-05-11 13:53:31,964 - INFO - 开始计算 sh600276 财务中间指标
2026-05-11 13:53:31,981 - INFO - sh600276 财务中间指标计算完成，共 40 条记录
2026-05-11 13:53:31,981 - INFO - 开始计算 sh600276 技术指标
2026-05-11 13:53:32,010 - INFO - sh600276 技术指标计算完成，共 2422 条记录
2026-05-11 13:53:32,010 - INFO - 开始计算 sh600276 估值指标
2026-05-11 13:53:33,927 - INFO - sh600276 估值指标计算完成，共 2426 条记录
2026-05-11 13:53:33,928 - INFO - ===== sh600276 处理完成 =====
2026-05-11 13:53:33,928 - INFO - ===== 开始处理 sz002714 =====
2026-05-11 13:53:33,929 - INFO - 开始采集 sz002714 日线数据，时间范围：20260511 至 20260511
2026-05-11 13:53:35,611 - INFO - sz002714 没有新的日线数据
2026-05-11 13:53:35,613 - INFO - 开始采集 sz002714 财务数据
2026-05-11 13:53:38,314 - INFO - sz002714 没有新的财务数据
2026-05-11 13:53:38,316 - INFO - 开始采集 sz002714 公告数据，时间范围：2026-05-11 至 2026-05-11
2026-05-11 13:53:38,733 - ERROR - sz002714 公告数据采集失败：'代码'
2026-05-11 13:53:38,735 - INFO - 开始采集 sz002714 总股本数据
2026-05-11 13:53:39,193 - ERROR - sz002714 总股本数据采集失败：('Connection aborted.', RemoteDisconnected('Remote end closed connection without response'))
2026-05-11 13:53:39,194 - INFO - 开始采集 sz002714 分红数据
2026-05-11 13:53:39,794 - INFO - sz002714 分红数据采集完成，新增 13 条记录
2026-05-11 13:53:39,794 - INFO - 开始计算 sz002714 财务中间指标
2026-05-11 13:53:39,812 - INFO - sz002714 财务中间指标计算完成，共 40 条记录
2026-05-11 13:53:39,812 - INFO - 开始计算 sz002714 技术指标
2026-05-11 13:53:39,840 - INFO - sz002714 技术指标计算完成，共 2422 条记录
2026-05-11 13:53:39,841 - INFO - 开始计算 sz002714 估值指标
2026-05-11 13:53:41,926 - INFO - sz002714 估值指标计算完成，共 2426 条记录
2026-05-11 13:53:41,927 - INFO - ===== sz002714 处理完成 =====
2026-05-11 13:53:41,927 - INFO - ===== 开始处理 sz000725 =====
2026-05-11 13:53:41,928 - INFO - 开始采集 sz000725 日线数据，时间范围：20260511 至 20260511
2026-05-11 13:53:43,497 - INFO - sz000725 没有新的日线数据
2026-05-11 13:53:43,498 - INFO - 开始采集 sz000725 财务数据
2026-05-11 13:53:46,877 - INFO - sz000725 没有新的财务数据
2026-05-11 13:53:46,879 - INFO - 开始采集 sz000725 公告数据，时间范围：2026-05-11 至 2026-05-11
2026-05-11 13:53:47,356 - ERROR - sz000725 公告数据采集失败：'代码'
2026-05-11 13:53:47,358 - INFO - 开始采集 sz000725 总股本数据
2026-05-11 13:53:47,791 - ERROR - sz000725 总股本数据采集失败：('Connection aborted.', RemoteDisconnected('Remote end closed connection without response'))
2026-05-11 13:53:47,791 - INFO - 开始采集 sz000725 分红数据
2026-05-11 13:53:48,446 - INFO - sz000725 分红数据采集完成，新增 15 条记录
2026-05-11 13:53:48,446 - INFO - 开始计算 sz000725 财务中间指标
2026-05-11 13:53:48,467 - INFO - sz000725 财务中间指标计算完成，共 40 条记录
2026-05-11 13:53:48,467 - INFO - 开始计算 sz000725 技术指标
2026-05-11 13:53:48,502 - INFO - sz000725 技术指标计算完成，共 2422 条记录
2026-05-11 13:53:48,502 - INFO - 开始计算 sz000725 估值指标
2026-05-11 13:53:50,604 - INFO - sz000725 估值指标计算完成，共 2426 条记录
2026-05-11 13:53:50,605 - INFO - ===== sz000725 处理完成 =====
2026-05-11 13:53:50,605 - INFO - 全量数据采集完成
2026-05-11 13:53:50,749 - INFO - 数据库连接已关闭
2026-05-11 13:58:50,969 - INFO - 数据库表结构初始化完成
2026-05-11 13:58:50,969 - INFO - 开始全量数据采集
2026-05-11 13:58:50,970 - INFO - ===== 开始处理 sh600519 =====
2026-05-11 13:58:50,972 - INFO - 开始采集 sh600519 日线数据，时间范围：20260511 至 20260511
2026-05-11 13:58:52,540 - INFO - sh600519 没有新的日线数据
2026-05-11 13:58:52,542 - INFO - 开始采集 sh600519 财务数据
2026-05-11 13:58:56,363 - INFO - sh600519 没有新的财务数据
2026-05-11 13:58:56,365 - INFO - 开始采集 sh600519 公告数据，时间范围：2026-05-11 至 2026-05-11
2026-05-11 13:58:57,082 - ERROR - sh600519 公告数据采集失败：'代码'
2026-05-11 13:58:57,084 - INFO - 开始采集 sh600519 总股本数据
2026-05-11 13:58:57,895 - ERROR - sh600519 总股本数据采集失败：('Connection aborted.', RemoteDisconnected('Remote end closed connection without response'))
2026-05-11 13:58:57,896 - INFO - 开始采集 sh600519 分红数据
2026-05-11 13:58:58,721 - INFO - sh600519 分红数据采集完成，新增 29 条记录
2026-05-11 13:58:58,721 - INFO - 开始计算 sh600519 财务中间指标
2026-05-11 13:58:58,753 - INFO - sh600519 财务中间指标计算完成，共 40 条记录
2026-05-11 13:58:58,754 - INFO - 开始计算 sh600519 技术指标
2026-05-11 13:58:58,784 - INFO - sh600519 技术指标计算完成，共 2422 条记录
2026-05-11 13:58:58,785 - INFO - 开始计算 sh600519 估值指标
2026-05-11 13:59:01,021 - INFO - sh600519 估值指标计算完成，共 2426 条记录
2026-05-11 13:59:01,022 - INFO - ===== sh600519 处理完成 =====
2026-05-11 13:59:01,022 - INFO - ===== 开始处理 sz002843 =====
2026-05-11 13:59:01,024 - INFO - 开始采集 sz002843 日线数据，时间范围：20260511 至 20260511
2026-05-11 13:59:02,578 - INFO - sz002843 没有新的日线数据
2026-05-11 13:59:02,579 - INFO - 开始采集 sz002843 财务数据
2026-05-11 13:59:05,065 - INFO - sz002843 没有新的财务数据
2026-05-11 13:59:05,067 - INFO - 开始采集 sz002843 公告数据，时间范围：2026-05-11 至 2026-05-11
2026-05-11 13:59:05,574 - ERROR - sz002843 公告数据采集失败：'代码'
2026-05-11 13:59:05,576 - INFO - 开始采集 sz002843 总股本数据
2026-05-11 13:59:06,209 - ERROR - sz002843 总股本数据采集失败：('Connection aborted.', RemoteDisconnected('Remote end closed connection without response'))
2026-05-11 13:59:06,209 - INFO - 开始采集 sz002843 分红数据
2026-05-11 13:59:06,760 - INFO - sz002843 分红数据采集完成，新增 8 条记录
2026-05-11 13:59:06,760 - INFO - 开始计算 sz002843 财务中间指标
2026-05-11 13:59:06,800 - INFO - sz002843 财务中间指标计算完成，共 40 条记录
2026-05-11 13:59:06,801 - INFO - 开始计算 sz002843 技术指标
2026-05-11 13:59:06,824 - INFO - sz002843 技术指标计算完成，共 2249 条记录
2026-05-11 13:59:06,825 - INFO - 开始计算 sz002843 估值指标
2026-05-11 13:59:08,702 - INFO - sz002843 估值指标计算完成，共 2253 条记录
2026-05-11 13:59:08,703 - INFO - ===== sz002843 处理完成 =====
2026-05-11 13:59:08,704 - INFO - ===== 开始处理 sz002272 =====
2026-05-11 13:59:08,705 - INFO - 开始采集 sz002272 日线数据，时间范围：20260511 至 20260511
2026-05-11 13:59:10,462 - INFO - sz002272 没有新的日线数据
2026-05-11 13:59:10,464 - INFO - 开始采集 sz002272 财务数据
2026-05-11 13:59:13,303 - INFO - sz002272 没有新的财务数据
2026-05-11 13:59:13,304 - INFO - 开始采集 sz002272 公告数据，时间范围：2026-05-11 至 2026-05-11
2026-05-11 13:59:13,755 - ERROR - sz002272 公告数据采集失败：'代码'
2026-05-11 13:59:13,757 - INFO - 开始采集 sz002272 总股本数据
2026-05-11 13:59:14,339 - ERROR - sz002272 总股本数据采集失败：('Connection aborted.', RemoteDisconnected('Remote end closed connection without response'))
2026-05-11 13:59:14,340 - INFO - 开始采集 sz002272 分红数据
2026-05-11 13:59:14,897 - INFO - sz002272 分红数据采集完成，新增 6 条记录
2026-05-11 13:59:14,898 - INFO - 开始计算 sz002272 财务中间指标
2026-05-11 13:59:14,916 - INFO - sz002272 财务中间指标计算完成，共 40 条记录
2026-05-11 13:59:14,916 - INFO - 开始计算 sz002272 技术指标
2026-05-11 13:59:14,940 - INFO - sz002272 技术指标计算完成，共 2382 条记录
2026-05-11 13:59:14,941 - INFO - 开始计算 sz002272 估值指标
2026-05-11 13:59:17,075 - INFO - sz002272 估值指标计算完成，共 2386 条记录
2026-05-11 13:59:17,076 - INFO - ===== sz002272 处理完成 =====
2026-05-11 13:59:17,076 - INFO - ===== 开始处理 sh600346 =====
2026-05-11 13:59:17,077 - INFO - 开始采集 sh600346 日线数据，时间范围：20260511 至 20260511
2026-05-11 13:59:18,711 - INFO - sh600346 没有新的日线数据
2026-05-11 13:59:18,712 - INFO - 开始采集 sh600346 财务数据
2026-05-11 13:59:23,295 - INFO - sh600346 没有新的财务数据
2026-05-11 13:59:23,297 - INFO - 开始采集 sh600346 公告数据，时间范围：2026-05-11 至 2026-05-11
2026-05-11 13:59:23,701 - ERROR - sh600346 公告数据采集失败：'代码'
2026-05-11 13:59:23,703 - INFO - 开始采集 sh600346 总股本数据
2026-05-11 13:59:24,415 - INFO - sh600346 总股本数据采集完成，总股本：7,039,099,786 股
2026-05-11 13:59:24,415 - INFO - 开始采集 sh600346 分红数据
2026-05-11 13:59:25,026 - INFO - sh600346 分红数据采集完成，新增 15 条记录
2026-05-11 13:59:25,027 - INFO - 开始计算 sh600346 财务中间指标
2026-05-11 13:59:25,049 - INFO - sh600346 财务中间指标计算完成，共 40 条记录
2026-05-11 13:59:25,049 - INFO - 开始计算 sh600346 技术指标
2026-05-11 13:59:25,076 - INFO - sh600346 技术指标计算完成，共 2316 条记录
2026-05-11 13:59:25,077 - INFO - 开始计算 sh600346 估值指标
2026-05-11 13:59:26,974 - INFO - sh600346 估值指标计算完成，共 2320 条记录
2026-05-11 13:59:26,975 - INFO - ===== sh600346 处理完成 =====
2026-05-11 13:59:26,975 - INFO - ===== 开始处理 sh600309 =====
2026-05-11 13:59:26,976 - INFO - 开始采集 sh600309 日线数据，时间范围：20260511 至 20260511
2026-05-11 13:59:28,963 - INFO - sh600309 没有新的日线数据
2026-05-11 13:59:28,964 - INFO - 开始采集 sh600309 财务数据
2026-05-11 13:59:32,906 - INFO - sh600309 没有新的财务数据
2026-05-11 13:59:32,907 - INFO - 开始采集 sh600309 公告数据，时间范围：2026-05-11 至 2026-05-11
2026-05-11 13:59:33,402 - ERROR - sh600309 公告数据采集失败：'代码'
2026-05-11 13:59:33,405 - INFO - 开始采集 sh600309 总股本数据
2026-05-11 13:59:33,989 - ERROR - sh600309 总股本数据采集失败：('Connection aborted.', RemoteDisconnected('Remote end closed connection without response'))
2026-05-11 13:59:33,989 - INFO - 开始采集 sh600309 分红数据
2026-05-11 13:59:34,640 - INFO - sh600309 分红数据采集完成，新增 26 条记录
2026-05-11 13:59:34,640 - INFO - 开始计算 sh600309 财务中间指标
2026-05-11 13:59:34,681 - INFO - sh600309 财务中间指标计算完成，共 40 条记录
2026-05-11 13:59:34,682 - INFO - 开始计算 sh600309 技术指标
2026-05-11 13:59:34,706 - INFO - sh600309 技术指标计算完成，共 2297 条记录
2026-05-11 13:59:34,707 - INFO - 开始计算 sh600309 估值指标
2026-05-11 13:59:36,716 - INFO - sh600309 估值指标计算完成，共 2301 条记录
2026-05-11 13:59:36,717 - INFO - ===== sh600309 处理完成 =====
2026-05-11 13:59:36,717 - INFO - ===== 开始处理 sh600887 =====
2026-05-11 13:59:36,718 - INFO - 开始采集 sh600887 日线数据，时间范围：20260511 至 20260511
2026-05-11 13:59:38,276 - INFO - sh600887 没有新的日线数据
2026-05-11 13:59:38,277 - INFO - 开始采集 sh600887 财务数据
2026-05-11 13:59:42,405 - INFO - sh600887 没有新的财务数据
2026-05-11 13:59:42,407 - INFO - 开始采集 sh600887 公告数据，时间范围：2026-05-11 至 2026-05-11
2026-05-11 13:59:42,915 - ERROR - sh600887 公告数据采集失败：'代码'
2026-05-11 13:59:42,917 - INFO - 开始采集 sh600887 总股本数据
2026-05-11 13:59:43,552 - ERROR - sh600887 总股本数据采集失败：('Connection aborted.', RemoteDisconnected('Remote end closed connection without response'))
2026-05-11 13:59:43,552 - INFO - 开始采集 sh600887 分红数据
2026-05-11 13:59:44,201 - INFO - sh600887 分红数据采集完成，新增 26 条记录
2026-05-11 13:59:44,202 - INFO - 开始计算 sh600887 财务中间指标
2026-05-11 13:59:44,242 - INFO - sh600887 财务中间指标计算完成，共 40 条记录
2026-05-11 13:59:44,243 - INFO - 开始计算 sh600887 技术指标
2026-05-11 13:59:44,263 - INFO - sh600887 技术指标计算完成，共 2398 条记录
2026-05-11 13:59:44,264 - INFO - 开始计算 sh600887 估值指标
2026-05-11 13:59:46,154 - INFO - sh600887 估值指标计算完成，共 2402 条记录
2026-05-11 13:59:46,155 - INFO - ===== sh600887 处理完成 =====
2026-05-11 13:59:46,155 - INFO - ===== 开始处理 sh600276 =====
2026-05-11 13:59:46,156 - INFO - 开始采集 sh600276 日线数据，时间范围：20260511 至 20260511
2026-05-11 13:59:47,594 - INFO - sh600276 没有新的日线数据
2026-05-11 13:59:47,595 - INFO - 开始采集 sh600276 财务数据
2026-05-11 13:59:51,277 - INFO - sh600276 没有新的财务数据
2026-05-11 13:59:51,280 - INFO - 开始采集 sh600276 公告数据，时间范围：2026-05-11 至 2026-05-11
2026-05-11 13:59:51,902 - ERROR - sh600276 公告数据采集失败：'代码'
2026-05-11 13:59:51,905 - INFO - 开始采集 sh600276 总股本数据
2026-05-11 13:59:52,647 - ERROR - sh600276 总股本数据采集失败：('Connection aborted.', RemoteDisconnected('Remote end closed connection without response'))
2026-05-11 13:59:52,647 - INFO - 开始采集 sh600276 分红数据
2026-05-11 13:59:53,366 - INFO - sh600276 分红数据采集完成，新增 25 条记录
2026-05-11 13:59:53,367 - INFO - 开始计算 sh600276 财务中间指标
2026-05-11 13:59:53,403 - INFO - sh600276 财务中间指标计算完成，共 40 条记录
2026-05-11 13:59:53,404 - INFO - 开始计算 sh600276 技术指标
2026-05-11 13:59:53,436 - INFO - sh600276 技术指标计算完成，共 2422 条记录
2026-05-11 13:59:53,437 - INFO - 开始计算 sh600276 估值指标
2026-05-11 13:59:55,758 - INFO - sh600276 估值指标计算完成，共 2426 条记录
2026-05-11 13:59:55,759 - INFO - ===== sh600276 处理完成 =====
2026-05-11 13:59:55,759 - INFO - ===== 开始处理 sz002714 =====
2026-05-11 13:59:55,761 - INFO - 开始采集 sz002714 日线数据，时间范围：20260511 至 20260511
2026-05-11 13:59:57,234 - INFO - sz002714 没有新的日线数据
2026-05-11 13:59:57,236 - INFO - 开始采集 sz002714 财务数据
2026-05-11 14:00:00,249 - INFO - sz002714 没有新的财务数据
2026-05-11 14:00:00,252 - INFO - 开始采集 sz002714 公告数据，时间范围：2026-05-11 至 2026-05-11
2026-05-11 14:00:00,965 - ERROR - sz002714 公告数据采集失败：'代码'
2026-05-11 14:00:00,968 - INFO - 开始采集 sz002714 总股本数据
2026-05-11 14:00:01,985 - INFO - sz002714 总股本数据采集完成，总股本：5,772,994,747 股
2026-05-11 14:00:01,985 - INFO - 开始采集 sz002714 分红数据
2026-05-11 14:00:02,628 - INFO - sz002714 分红数据采集完成，新增 13 条记录
2026-05-11 14:00:02,629 - INFO - 开始计算 sz002714 财务中间指标
2026-05-11 14:00:02,647 - INFO - sz002714 财务中间指标计算完成，共 40 条记录
2026-05-11 14:00:02,648 - INFO - 开始计算 sz002714 技术指标
2026-05-11 14:00:02,669 - INFO - sz002714 技术指标计算完成，共 2422 条记录
2026-05-11 14:00:02,669 - INFO - 开始计算 sz002714 估值指标
2026-05-11 14:00:04,813 - INFO - sz002714 估值指标计算完成，共 2426 条记录
2026-05-11 14:00:04,814 - INFO - ===== sz002714 处理完成 =====
2026-05-11 14:00:04,814 - INFO - ===== 开始处理 sz000725 =====
2026-05-11 14:00:04,815 - INFO - 开始采集 sz000725 日线数据，时间范围：20260511 至 20260511
2026-05-11 14:00:06,462 - INFO - sz000725 没有新的日线数据
2026-05-11 14:00:06,463 - INFO - 开始采集 sz000725 财务数据
2026-05-11 14:00:09,869 - INFO - sz000725 没有新的财务数据
2026-05-11 14:00:09,872 - INFO - 开始采集 sz000725 公告数据，时间范围：2026-05-11 至 2026-05-11
2026-05-11 14:00:10,461 - ERROR - sz000725 公告数据采集失败：'代码'
2026-05-11 14:00:10,463 - INFO - 开始采集 sz000725 总股本数据
2026-05-11 14:00:11,207 - ERROR - sz000725 总股本数据采集失败：('Connection aborted.', RemoteDisconnected('Remote end closed connection without response'))
2026-05-11 14:00:11,207 - INFO - 开始采集 sz000725 分红数据
2026-05-11 14:00:12,121 - INFO - sz000725 分红数据采集完成，新增 15 条记录
2026-05-11 14:00:12,121 - INFO - 开始计算 sz000725 财务中间指标
2026-05-11 14:00:12,164 - INFO - sz000725 财务中间指标计算完成，共 40 条记录
2026-05-11 14:00:12,165 - INFO - 开始计算 sz000725 技术指标
2026-05-11 14:00:12,197 - INFO - sz000725 技术指标计算完成，共 2422 条记录
2026-05-11 14:00:12,198 - INFO - 开始计算 sz000725 估值指标
2026-05-11 14:00:14,880 - INFO - sz000725 估值指标计算完成，共 2426 条记录
2026-05-11 14:00:14,881 - INFO - ===== sz000725 处理完成 =====
2026-05-11 14:00:14,881 - INFO - 全量数据采集完成
2026-05-11 14:00:14,984 - INFO - 数据库连接已关闭
2026-05-11 14:04:51,190 - INFO - 数据库表结构初始化完成
2026-05-11 14:04:51,191 - INFO - 开始全量数据采集
2026-05-11 14:04:51,191 - INFO - ===== 开始处理 sh600519 =====
2026-05-11 14:04:51,194 - INFO - 开始采集 sh600519 日线数据，时间范围：20260511 至 20260511
2026-05-11 14:04:52,851 - INFO - sh600519 没有新的日线数据
2026-05-11 14:04:52,853 - INFO - 开始采集 sh600519 财务数据
2026-05-11 14:04:56,663 - INFO - sh600519 没有新的财务数据
2026-05-11 14:04:56,666 - INFO - 开始采集 sh600519 公告数据，时间范围：2026-05-11 至 2026-05-11
2026-05-11 14:04:57,227 - ERROR - sh600519 公告数据采集失败：'代码'
2026-05-11 14:04:57,229 - INFO - 开始采集 sh600519 总股本数据
2026-05-11 14:04:57,712 - ERROR - sh600519 总股本数据采集失败：('Connection aborted.', RemoteDisconnected('Remote end closed connection without response'))
2026-05-11 14:04:57,712 - INFO - 开始采集 sh600519 分红数据
2026-05-11 14:04:58,376 - INFO - sh600519 分红数据采集完成，新增 29 条记录
2026-05-11 14:04:58,376 - INFO - 开始计算 sh600519 财务中间指标
2026-05-11 14:04:58,416 - INFO - sh600519 财务中间指标计算完成，共 40 条记录
2026-05-11 14:04:58,417 - INFO - 开始计算 sh600519 技术指标
2026-05-11 14:04:58,449 - INFO - sh600519 技术指标计算完成，共 2422 条记录
2026-05-11 14:04:58,449 - INFO - 开始计算 sh600519 估值指标
2026-05-11 14:05:00,762 - INFO - sh600519 估值指标计算完成，共 2426 条记录
2026-05-11 14:05:00,763 - INFO - ===== sh600519 处理完成 =====
2026-05-11 14:05:00,763 - INFO - ===== 开始处理 sz002843 =====
2026-05-11 14:05:00,764 - INFO - 开始采集 sz002843 日线数据，时间范围：20260511 至 20260511
2026-05-11 14:05:02,261 - INFO - sz002843 没有新的日线数据
2026-05-11 14:05:02,263 - INFO - 开始采集 sz002843 财务数据
2026-05-11 14:05:04,687 - INFO - sz002843 没有新的财务数据
2026-05-11 14:05:04,689 - INFO - 开始采集 sz002843 公告数据，时间范围：2026-05-11 至 2026-05-11
2026-05-11 14:05:05,148 - ERROR - sz002843 公告数据采集失败：'代码'
2026-05-11 14:05:05,150 - INFO - 开始采集 sz002843 总股本数据
2026-05-11 14:05:05,792 - INFO - sz002843 总股本数据采集完成，总股本：251,737,562 股
2026-05-11 14:05:05,792 - INFO - 开始采集 sz002843 分红数据
2026-05-11 14:05:06,370 - INFO - sz002843 分红数据采集完成，新增 8 条记录
2026-05-11 14:05:06,371 - INFO - 开始计算 sz002843 财务中间指标
2026-05-11 14:05:06,392 - INFO - sz002843 财务中间指标计算完成，共 40 条记录
2026-05-11 14:05:06,392 - INFO - 开始计算 sz002843 技术指标
2026-05-11 14:05:06,413 - INFO - sz002843 技术指标计算完成，共 2249 条记录
2026-05-11 14:05:06,414 - INFO - 开始计算 sz002843 估值指标
2026-05-11 14:05:08,293 - INFO - sz002843 估值指标计算完成，共 2253 条记录
2026-05-11 14:05:08,294 - INFO - ===== sz002843 处理完成 =====
2026-05-11 14:05:08,294 - INFO - ===== 开始处理 sz002272 =====
2026-05-11 14:05:08,295 - INFO - 开始采集 sz002272 日线数据，时间范围：20260511 至 20260511
2026-05-11 14:05:09,885 - INFO - sz002272 没有新的日线数据
2026-05-11 14:05:09,887 - INFO - 开始采集 sz002272 财务数据
2026-05-11 14:05:13,920 - INFO - sz002272 没有新的财务数据
2026-05-11 14:05:13,922 - INFO - 开始采集 sz002272 公告数据，时间范围：2026-05-11 至 2026-05-11
2026-05-11 14:05:14,430 - ERROR - sz002272 公告数据采集失败：'代码'
2026-05-11 14:05:14,432 - INFO - 开始采集 sz002272 总股本数据
2026-05-11 14:05:15,117 - INFO - sz002272 总股本数据采集完成，总股本：484,877,300 股
2026-05-11 14:05:15,118 - INFO - 开始采集 sz002272 分红数据
2026-05-11 14:05:15,851 - INFO - sz002272 分红数据采集完成，新增 6 条记录
2026-05-11 14:05:15,852 - INFO - 开始计算 sz002272 财务中间指标
2026-05-11 14:05:15,882 - INFO - sz002272 财务中间指标计算完成，共 40 条记录
2026-05-11 14:05:15,883 - INFO - 开始计算 sz002272 技术指标
2026-05-11 14:05:15,923 - INFO - sz002272 技术指标计算完成，共 2382 条记录
2026-05-11 14:05:15,924 - INFO - 开始计算 sz002272 估值指标
2026-05-11 14:05:18,103 - INFO - sz002272 估值指标计算完成，共 2386 条记录
2026-05-11 14:05:18,104 - INFO - ===== sz002272 处理完成 =====
2026-05-11 14:05:18,104 - INFO - ===== 开始处理 sh600346 =====
2026-05-11 14:05:18,106 - INFO - 开始采集 sh600346 日线数据，时间范围：20260511 至 20260511
2026-05-11 14:05:19,987 - INFO - sh600346 没有新的日线数据
2026-05-11 14:05:19,989 - INFO - 开始采集 sh600346 财务数据
2026-05-11 14:05:23,529 - INFO - sh600346 没有新的财务数据
2026-05-11 14:05:23,553 - INFO - 开始采集 sh600346 公告数据，时间范围：2026-05-11 至 2026-05-11
2026-05-11 14:05:24,025 - ERROR - sh600346 公告数据采集失败：'代码'
2026-05-11 14:05:24,027 - INFO - 开始采集 sh600346 总股本数据
2026-05-11 14:05:24,720 - ERROR - sh600346 总股本数据采集失败：('Connection aborted.', RemoteDisconnected('Remote end closed connection without response'))
2026-05-11 14:05:24,720 - INFO - 开始采集 sh600346 分红数据
2026-05-11 14:05:25,324 - INFO - sh600346 分红数据采集完成，新增 15 条记录
2026-05-11 14:05:25,324 - INFO - 开始计算 sh600346 财务中间指标
2026-05-11 14:05:25,340 - INFO - sh600346 财务中间指标计算完成，共 40 条记录
2026-05-11 14:05:25,341 - INFO - 开始计算 sh600346 技术指标
2026-05-11 14:05:25,365 - INFO - sh600346 技术指标计算完成，共 2316 条记录
2026-05-11 14:05:25,366 - INFO - 开始计算 sh600346 估值指标
2026-05-11 14:05:27,387 - INFO - sh600346 估值指标计算完成，共 2320 条记录
2026-05-11 14:05:27,389 - INFO - ===== sh600346 处理完成 =====
2026-05-11 14:05:27,389 - INFO - ===== 开始处理 sh600309 =====
2026-05-11 14:05:27,391 - INFO - 开始采集 sh600309 日线数据，时间范围：20260511 至 20260511
2026-05-11 14:05:29,003 - INFO - sh600309 没有新的日线数据
2026-05-11 14:05:29,005 - INFO - 开始采集 sh600309 财务数据
2026-05-11 14:05:33,676 - INFO - sh600309 没有新的财务数据
2026-05-11 14:05:33,678 - INFO - 开始采集 sh600309 公告数据，时间范围：2026-05-11 至 2026-05-11
2026-05-11 14:05:34,102 - ERROR - sh600309 公告数据采集失败：'代码'
2026-05-11 14:05:34,104 - INFO - 开始采集 sh600309 总股本数据
2026-05-11 14:05:34,575 - ERROR - sh600309 总股本数据采集失败：('Connection aborted.', RemoteDisconnected('Remote end closed connection without response'))
2026-05-11 14:05:34,576 - INFO - 开始采集 sh600309 分红数据
2026-05-11 14:05:35,183 - INFO - sh600309 分红数据采集完成，新增 26 条记录
2026-05-11 14:05:35,183 - INFO - 开始计算 sh600309 财务中间指标
2026-05-11 14:05:35,203 - INFO - sh600309 财务中间指标计算完成，共 40 条记录
2026-05-11 14:05:35,204 - INFO - 开始计算 sh600309 技术指标
2026-05-11 14:05:35,230 - INFO - sh600309 技术指标计算完成，共 2297 条记录
2026-05-11 14:05:35,230 - INFO - 开始计算 sh600309 估值指标
2026-05-11 14:05:37,351 - INFO - sh600309 估值指标计算完成，共 2301 条记录
2026-05-11 14:05:37,352 - INFO - ===== sh600309 处理完成 =====
2026-05-11 14:05:37,352 - INFO - ===== 开始处理 sh600887 =====
2026-05-11 14:05:37,354 - INFO - 开始采集 sh600887 日线数据，时间范围：20260511 至 20260511
2026-05-11 14:05:39,118 - INFO - sh600887 没有新的日线数据
2026-05-11 14:05:39,120 - INFO - 开始采集 sh600887 财务数据
2026-05-11 14:05:42,883 - INFO - sh600887 没有新的财务数据
2026-05-11 14:05:42,886 - INFO - 开始采集 sh600887 公告数据，时间范围：2026-05-11 至 2026-05-11
2026-05-11 14:05:43,396 - ERROR - sh600887 公告数据采集失败：'代码'
2026-05-11 14:05:43,398 - INFO - 开始采集 sh600887 总股本数据
2026-05-11 14:05:44,115 - INFO - sh600887 总股本数据采集完成，总股本：6,325,360,667 股
2026-05-11 14:05:44,115 - INFO - 开始采集 sh600887 分红数据
2026-05-11 14:05:44,760 - INFO - sh600887 分红数据采集完成，新增 26 条记录
2026-05-11 14:05:44,761 - INFO - 开始计算 sh600887 财务中间指标
2026-05-11 14:05:44,783 - INFO - sh600887 财务中间指标计算完成，共 40 条记录
2026-05-11 14:05:44,784 - INFO - 开始计算 sh600887 技术指标
2026-05-11 14:05:44,806 - INFO - sh600887 技术指标计算完成，共 2398 条记录
2026-05-11 14:05:44,807 - INFO - 开始计算 sh600887 估值指标
2026-05-11 14:05:47,272 - INFO - sh600887 估值指标计算完成，共 2402 条记录
2026-05-11 14:05:47,275 - INFO - ===== sh600887 处理完成 =====
2026-05-11 14:05:47,277 - INFO - ===== 开始处理 sh600276 =====
2026-05-11 14:05:47,279 - INFO - 开始采集 sh600276 日线数据，时间范围：20260511 至 20260511
2026-05-11 14:05:48,998 - INFO - sh600276 没有新的日线数据
2026-05-11 14:05:49,000 - INFO - 开始采集 sh600276 财务数据
2026-05-11 14:05:52,687 - INFO - sh600276 没有新的财务数据
2026-05-11 14:05:52,689 - INFO - 开始采集 sh600276 公告数据，时间范围：2026-05-11 至 2026-05-11
2026-05-11 14:05:53,106 - ERROR - sh600276 公告数据采集失败：'代码'
2026-05-11 14:05:53,108 - INFO - 开始采集 sh600276 总股本数据
2026-05-11 14:05:53,494 - ERROR - sh600276 总股本数据采集失败：('Connection aborted.', RemoteDisconnected('Remote end closed connection without response'))
2026-05-11 14:05:53,494 - INFO - 开始采集 sh600276 分红数据
2026-05-11 14:05:53,932 - INFO - sh600276 分红数据采集完成，新增 25 条记录
2026-05-11 14:05:53,932 - INFO - 开始计算 sh600276 财务中间指标
2026-05-11 14:05:53,948 - INFO - sh600276 财务中间指标计算完成，共 40 条记录
2026-05-11 14:05:53,948 - INFO - 开始计算 sh600276 技术指标
2026-05-11 14:05:53,971 - INFO - sh600276 技术指标计算完成，共 2422 条记录
2026-05-11 14:05:53,971 - INFO - 开始计算 sh600276 估值指标
2026-05-11 14:05:55,862 - INFO - sh600276 估值指标计算完成，共 2426 条记录
2026-05-11 14:05:55,863 - INFO - ===== sh600276 处理完成 =====
2026-05-11 14:05:55,863 - INFO - ===== 开始处理 sz002714 =====
2026-05-11 14:05:55,864 - INFO - 开始采集 sz002714 日线数据，时间范围：20260511 至 20260511
2026-05-11 14:05:57,329 - INFO - sz002714 没有新的日线数据
2026-05-11 14:05:57,330 - INFO - 开始采集 sz002714 财务数据
2026-05-11 14:06:01,297 - INFO - sz002714 没有新的财务数据
2026-05-11 14:06:01,298 - INFO - 开始采集 sz002714 公告数据，时间范围：2026-05-11 至 2026-05-11
2026-05-11 14:06:01,667 - ERROR - sz002714 公告数据采集失败：'代码'
2026-05-11 14:06:01,669 - INFO - 开始采集 sz002714 总股本数据
2026-05-11 14:06:02,066 - ERROR - sz002714 总股本数据采集失败：('Connection aborted.', RemoteDisconnected('Remote end closed connection without response'))
2026-05-11 14:06:02,066 - INFO - 开始采集 sz002714 分红数据
2026-05-11 14:06:02,556 - INFO - sz002714 分红数据采集完成，新增 13 条记录
2026-05-11 14:06:02,557 - INFO - 开始计算 sz002714 财务中间指标
2026-05-11 14:06:02,573 - INFO - sz002714 财务中间指标计算完成，共 40 条记录
2026-05-11 14:06:02,573 - INFO - 开始计算 sz002714 技术指标
2026-05-11 14:06:02,595 - INFO - sz002714 技术指标计算完成，共 2422 条记录
2026-05-11 14:06:02,595 - INFO - 开始计算 sz002714 估值指标
2026-05-11 14:06:04,480 - INFO - sz002714 估值指标计算完成，共 2426 条记录
2026-05-11 14:06:04,481 - INFO - ===== sz002714 处理完成 =====
2026-05-11 14:06:04,481 - INFO - ===== 开始处理 sz000725 =====
2026-05-11 14:06:04,482 - INFO - 开始采集 sz000725 日线数据，时间范围：20260511 至 20260511
2026-05-11 14:06:06,007 - INFO - sz000725 没有新的日线数据
2026-05-11 14:06:06,009 - INFO - 开始采集 sz000725 财务数据
2026-05-11 14:06:10,743 - INFO - sz000725 没有新的财务数据
2026-05-11 14:06:10,745 - INFO - 开始采集 sz000725 公告数据，时间范围：2026-05-11 至 2026-05-11
2026-05-11 14:06:11,177 - ERROR - sz000725 公告数据采集失败：'代码'
2026-05-11 14:06:11,179 - INFO - 开始采集 sz000725 总股本数据
2026-05-11 14:06:11,790 - INFO - sz000725 总股本数据采集完成，总股本：37,044,328,064 股
2026-05-11 14:06:11,790 - INFO - 开始采集 sz000725 分红数据
2026-05-11 14:06:12,325 - INFO - sz000725 分红数据采集完成，新增 15 条记录
2026-05-11 14:06:12,325 - INFO - 开始计算 sz000725 财务中间指标
2026-05-11 14:06:12,366 - INFO - sz000725 财务中间指标计算完成，共 40 条记录
2026-05-11 14:06:12,366 - INFO - 开始计算 sz000725 技术指标
2026-05-11 14:06:12,386 - INFO - sz000725 技术指标计算完成，共 2422 条记录
2026-05-11 14:06:12,387 - INFO - 开始计算 sz000725 估值指标
2026-05-11 14:06:14,352 - INFO - sz000725 估值指标计算完成，共 2426 条记录
2026-05-11 14:06:14,353 - INFO - ===== sz000725 处理完成 =====
2026-05-11 14:06:14,354 - INFO - 全量数据采集完成
2026-05-11 14:06:14,476 - INFO - 数据库连接已关闭
2026-05-11 18:21:01,756 - INFO - 数据库表结构初始化完成
2026-05-11 18:21:01,777 - INFO - 开始采集 sz000725 财务数据
2026-05-11 18:21:05,353 - INFO - sz000725 财务数据采集完成，新增 40 条记录
2026-05-11 18:21:05,356 - INFO - 开始计算 sz000725 财务中间指标
2026-05-11 18:21:05,391 - INFO - sz000725 财务中间指标计算完成，共 40 条记录
2026-05-11 18:21:05,392 - INFO - 开始计算 sz000725 估值指标
2026-05-11 18:21:07,233 - INFO - sz000725 估值指标计算完成，共 2426 条记录
2026-05-11 18:22:23,773 - INFO - 数据库表结构初始化完成
2026-05-11 18:22:23,775 - INFO - 开始采集 sz000725 财务数据
2026-05-11 18:22:26,528 - INFO - sz000725 财务数据采集完成，新增 40 条记录
2026-05-11 18:22:26,529 - INFO - 开始计算 sz000725 财务中间指标
2026-05-11 18:22:26,549 - INFO - sz000725 财务中间指标计算完成，共 40 条记录
2026-05-11 18:22:26,549 - INFO - 开始计算 sz000725 估值指标
2026-05-11 18:22:27,999 - INFO - sz000725 估值指标计算完成，共 2426 条记录
2026-05-12 09:08:41,274 - INFO - 数据库表结构初始化完成
2026-05-12 09:08:41,281 - INFO - 开始采集 sz000725 财务数据
2026-05-12 09:08:44,323 - INFO - sz000725 财务数据采集完成，新增 40 条记录
2026-05-12 09:08:44,326 - INFO - 开始计算 sz000725 财务中间指标
2026-05-12 09:08:44,360 - INFO - sz000725 财务中间指标计算完成，共 40 条记录
2026-05-12 09:08:44,361 - INFO - 开始计算 sz000725 估值指标
2026-05-12 09:08:48,887 - INFO - sz000725 估值指标计算完成，共 2426 条记录
2026-05-12 15:13:09,708 - INFO - 数据库表结构初始化完成
2026-05-12 15:13:09,708 - INFO - 开始全量数据采集
2026-05-12 15:13:09,708 - INFO - ===== 开始处理 sh600519 =====
2026-05-12 15:13:09,712 - INFO - 开始采集 sh600519 日线数据，时间范围：20260511 至 20260512
2026-05-12 15:13:11,455 - ERROR - sh600519 日线数据采集失败：Binder Error: Referenced column "adjust_factor" not found in FROM clause!
Candidate bindings: "trade_date", "stock_code", "amount_1", "outstanding_share", "amount"

LINE 4: ..._code, trade_date, open, high, low, close, volume, amount, adjust_factor
                                                                      ^
2026-05-12 15:13:11,456 - INFO - 开始采集 sh600519 财务数据
2026-05-12 15:13:14,725 - INFO - sh600519 没有新的财务数据
2026-05-12 15:13:14,727 - INFO - 开始采集 sh600519 公告数据，时间范围：2026-05-11 至 2026-05-12
2026-05-12 15:13:15,246 - ERROR - sh600519 公告数据采集失败：'代码'
2026-05-12 15:13:15,248 - INFO - 开始采集 sh600519 总股本数据
2026-05-12 15:13:15,847 - INFO - sh600519 总股本数据采集完成，总股本：1,252,270,215 股
2026-05-12 15:13:15,848 - INFO - 开始采集 sh600519 分红数据
2026-05-12 15:13:16,451 - INFO - sh600519 分红数据采集完成，新增 29 条记录
2026-05-12 15:13:16,451 - INFO - 开始采集 sh600519 北向资金数据
2026-05-12 15:13:16,451 - ERROR - sh600519 北向资金数据采集失败：module 'akshare' has no attribute 'stock_em_hsgt_hold_stock_em'
2026-05-12 15:13:16,451 - INFO - 开始采集 sh600519 融资融券数据
2026-05-12 15:13:16,452 - ERROR - sh600519 融资融券数据采集失败：stock_margin_sse() got an unexpected keyword argument 'symbol'
2026-05-12 15:13:16,452 - INFO - 开始采集 sh600519 龙虎榜数据
2026-05-12 15:13:16,452 - ERROR - sh600519 龙虎榜数据采集失败：module 'akshare' has no attribute 'stock_zh_a_hist_em'
2026-05-12 15:13:16,452 - INFO - 开始计算 sh600519 财务中间指标
2026-05-12 15:13:16,753 - INFO - sh600519 财务中间指标计算完成，共 40 条记录
2026-05-12 15:13:16,754 - INFO - 开始计算 sh600519 技术指标
2026-05-12 15:13:16,799 - INFO - sh600519 技术指标计算完成，共 2422 条记录
2026-05-12 15:13:17,131 - ERROR - sh600519 技术指标计算失败：Conversion Error: Could not cast value 1772351.863980 to DECIMAL(10,4) when casting from source column wvad

LINE 24:                 dmi_pdi, dmi_mdi, dmi_adx, dmi_adxr, sar, wvad
                                                                   ^
2026-05-12 15:13:17,131 - INFO - 开始计算 sh600519 估值指标
2026-05-12 15:13:20,061 - INFO - sh600519 估值指标计算完成，共 2426 条记录
2026-05-12 15:13:20,063 - INFO - 开始计算 sh600519 北向资金累计流入
2026-05-12 15:13:20,065 - INFO - sh600519 北向资金数据不足
2026-05-12 15:13:20,065 - INFO - ===== sh600519 处理完成 =====
2026-05-12 15:13:20,065 - INFO - ===== 开始处理 sz002843 =====
2026-05-12 15:13:20,066 - INFO - 开始采集 sz002843 日线数据，时间范围：20260511 至 20260512
2026-05-12 15:13:21,639 - ERROR - sz002843 日线数据采集失败：Binder Error: Referenced column "adjust_factor" not found in FROM clause!
Candidate bindings: "trade_date", "stock_code", "amount_1", "outstanding_share", "amount"

LINE 4: ..._code, trade_date, open, high, low, close, volume, amount, adjust_factor
                                                                      ^
2026-05-12 15:13:21,640 - INFO - 开始采集 sz002843 财务数据
2026-05-12 15:13:23,877 - INFO - sz002843 没有新的财务数据
2026-05-12 15:13:23,879 - INFO - 开始采集 sz002843 公告数据，时间范围：2026-05-11 至 2026-05-12
2026-05-12 15:13:24,198 - ERROR - sz002843 公告数据采集失败：'代码'
2026-05-12 15:13:24,199 - INFO - 开始采集 sz002843 总股本数据
2026-05-12 15:13:24,640 - ERROR - sz002843 总股本数据采集失败：('Connection aborted.', RemoteDisconnected('Remote end closed connection without response'))
2026-05-12 15:13:24,640 - INFO - 开始采集 sz002843 分红数据
2026-05-12 15:13:25,085 - INFO - sz002843 分红数据采集完成，新增 8 条记录
2026-05-12 15:13:25,086 - INFO - 开始采集 sz002843 北向资金数据
2026-05-12 15:13:25,086 - ERROR - sz002843 北向资金数据采集失败：module 'akshare' has no attribute 'stock_em_hsgt_hold_stock_em'
2026-05-12 15:13:25,086 - INFO - 开始采集 sz002843 融资融券数据
2026-05-12 15:13:25,086 - ERROR - sz002843 融资融券数据采集失败：stock_margin_sse() got an unexpected keyword argument 'symbol'
2026-05-12 15:13:25,086 - INFO - 开始采集 sz002843 龙虎榜数据
2026-05-12 15:13:25,086 - ERROR - sz002843 龙虎榜数据采集失败：module 'akshare' has no attribute 'stock_zh_a_hist_em'
2026-05-12 15:13:25,087 - INFO - 开始计算 sz002843 财务中间指标
2026-05-12 15:13:25,257 - INFO - sz002843 财务中间指标计算完成，共 40 条记录
2026-05-12 15:13:25,258 - INFO - 开始计算 sz002843 技术指标
2026-05-12 15:13:25,286 - INFO - sz002843 技术指标计算完成，共 2249 条记录
2026-05-12 15:13:25,525 - ERROR - sz002843 技术指标计算失败：Conversion Error: Could not cast value -23349472.000000 to DECIMAL(10,4) when casting from source column wvad

LINE 24:                 dmi_pdi, dmi_mdi, dmi_adx, dmi_adxr, sar, wvad
                                                                   ^
2026-05-12 15:13:25,526 - INFO - 开始计算 sz002843 估值指标
2026-05-12 15:13:27,451 - INFO - sz002843 估值指标计算完成，共 2253 条记录
2026-05-12 15:13:27,453 - INFO - 开始计算 sz002843 北向资金累计流入
2026-05-12 15:13:27,455 - INFO - sz002843 北向资金数据不足
2026-05-12 15:13:27,455 - INFO - ===== sz002843 处理完成 =====
2026-05-12 15:13:27,455 - INFO - ===== 开始处理 sz002272 =====
2026-05-12 15:13:27,456 - INFO - 开始采集 sz002272 日线数据，时间范围：20260511 至 20260512
2026-05-12 15:13:28,822 - ERROR - sz002272 日线数据采集失败：Binder Error: Referenced column "adjust_factor" not found in FROM clause!
Candidate bindings: "trade_date", "stock_code", "amount_1", "outstanding_share", "amount"

LINE 4: ..._code, trade_date, open, high, low, close, volume, amount, adjust_factor
                                                                      ^
2026-05-12 15:13:28,823 - INFO - 开始采集 sz002272 财务数据
2026-05-12 15:13:31,250 - INFO - sz002272 没有新的财务数据
2026-05-12 15:13:31,252 - INFO - 开始采集 sz002272 公告数据，时间范围：2026-05-11 至 2026-05-12
2026-05-12 15:13:31,577 - ERROR - sz002272 公告数据采集失败：'代码'
2026-05-12 15:13:31,579 - INFO - 开始采集 sz002272 总股本数据
2026-05-12 15:13:32,003 - ERROR - sz002272 总股本数据采集失败：('Connection aborted.', RemoteDisconnected('Remote end closed connection without response'))
2026-05-12 15:13:32,004 - INFO - 开始采集 sz002272 分红数据
2026-05-12 15:13:32,481 - INFO - sz002272 分红数据采集完成，新增 6 条记录
2026-05-12 15:13:32,482 - INFO - 开始采集 sz002272 北向资金数据
2026-05-12 15:13:32,482 - ERROR - sz002272 北向资金数据采集失败：module 'akshare' has no attribute 'stock_em_hsgt_hold_stock_em'
2026-05-12 15:13:32,482 - INFO - 开始采集 sz002272 融资融券数据
2026-05-12 15:13:32,482 - ERROR - sz002272 融资融券数据采集失败：stock_margin_sse() got an unexpected keyword argument 'symbol'
2026-05-12 15:13:32,482 - INFO - 开始采集 sz002272 龙虎榜数据
2026-05-12 15:13:32,482 - ERROR - sz002272 龙虎榜数据采集失败：module 'akshare' has no attribute 'stock_zh_a_hist_em'
2026-05-12 15:13:32,483 - INFO - 开始计算 sz002272 财务中间指标
2026-05-12 15:13:32,647 - INFO - sz002272 财务中间指标计算完成，共 40 条记录
2026-05-12 15:13:32,648 - INFO - 开始计算 sz002272 技术指标
2026-05-12 15:13:32,672 - INFO - sz002272 技术指标计算完成，共 2382 条记录
2026-05-12 15:13:32,726 - ERROR - sz002272 技术指标计算失败：No numeric types to aggregate
2026-05-12 15:13:32,727 - INFO - 开始计算 sz002272 估值指标
2026-05-12 15:13:34,642 - INFO - sz002272 估值指标计算完成，共 2386 条记录
2026-05-12 15:13:34,643 - INFO - 开始计算 sz002272 北向资金累计流入
2026-05-12 15:13:34,644 - INFO - sz002272 北向资金数据不足
2026-05-12 15:13:34,644 - INFO - ===== sz002272 处理完成 =====
2026-05-12 15:13:34,644 - INFO - ===== 开始处理 sh600346 =====
2026-05-12 15:13:34,645 - INFO - 开始采集 sh600346 日线数据，时间范围：20260511 至 20260512
2026-05-12 15:13:35,866 - ERROR - sh600346 日线数据采集失败：Binder Error: Referenced column "adjust_factor" not found in FROM clause!
Candidate bindings: "trade_date", "stock_code", "amount_1", "outstanding_share", "amount"

LINE 4: ..._code, trade_date, open, high, low, close, volume, amount, adjust_factor
                                                                      ^
2026-05-12 15:13:35,867 - INFO - 开始采集 sh600346 财务数据
2026-05-12 15:13:38,863 - INFO - sh600346 没有新的财务数据
2026-05-12 15:13:38,865 - INFO - 开始采集 sh600346 公告数据，时间范围：2026-05-11 至 2026-05-12
2026-05-12 15:13:39,708 - INFO - sh600346 公告数据采集完成，新增 2 条记录
2026-05-12 15:13:39,708 - INFO - 开始采集 sh600346 总股本数据
2026-05-12 15:13:40,152 - ERROR - sh600346 总股本数据采集失败：('Connection aborted.', RemoteDisconnected('Remote end closed connection without response'))
2026-05-12 15:13:40,153 - INFO - 开始采集 sh600346 分红数据
2026-05-12 15:13:40,646 - INFO - sh600346 分红数据采集完成，新增 15 条记录
2026-05-12 15:13:40,646 - INFO - 开始采集 sh600346 北向资金数据
2026-05-12 15:13:40,646 - ERROR - sh600346 北向资金数据采集失败：module 'akshare' has no attribute 'stock_em_hsgt_hold_stock_em'
2026-05-12 15:13:40,646 - INFO - 开始采集 sh600346 融资融券数据
2026-05-12 15:13:40,647 - ERROR - sh600346 融资融券数据采集失败：stock_margin_sse() got an unexpected keyword argument 'symbol'
2026-05-12 15:13:40,647 - INFO - 开始采集 sh600346 龙虎榜数据
2026-05-12 15:13:40,647 - ERROR - sh600346 龙虎榜数据采集失败：module 'akshare' has no attribute 'stock_zh_a_hist_em'
2026-05-12 15:13:40,647 - INFO - 开始计算 sh600346 财务中间指标
2026-05-12 15:13:40,817 - INFO - sh600346 财务中间指标计算完成，共 40 条记录
2026-05-12 15:13:40,818 - INFO - 开始计算 sh600346 技术指标
2026-05-12 15:13:40,840 - INFO - sh600346 技术指标计算完成，共 2316 条记录
2026-05-12 15:13:41,056 - ERROR - sh600346 技术指标计算失败：Conversion Error: Could not cast value -6084376.444444 to DECIMAL(10,4) when casting from source column wvad

LINE 24:                 dmi_pdi, dmi_mdi, dmi_adx, dmi_adxr, sar, wvad
                                                                   ^
2026-05-12 15:13:41,056 - INFO - 开始计算 sh600346 估值指标
2026-05-12 15:13:42,911 - INFO - sh600346 估值指标计算完成，共 2320 条记录
2026-05-12 15:13:42,913 - INFO - 开始计算 sh600346 北向资金累计流入
2026-05-12 15:13:42,914 - INFO - sh600346 北向资金数据不足
2026-05-12 15:13:42,914 - INFO - ===== sh600346 处理完成 =====
2026-05-12 15:13:42,915 - INFO - ===== 开始处理 sh600309 =====
2026-05-12 15:13:42,915 - INFO - 开始采集 sh600309 日线数据，时间范围：20260511 至 20260512
2026-05-12 15:13:44,078 - ERROR - sh600309 日线数据采集失败：Binder Error: Referenced column "adjust_factor" not found in FROM clause!
Candidate bindings: "trade_date", "stock_code", "amount_1", "outstanding_share", "amount"

LINE 4: ..._code, trade_date, open, high, low, close, volume, amount, adjust_factor
                                                                      ^
2026-05-12 15:13:44,080 - INFO - 开始采集 sh600309 财务数据
2026-05-12 15:13:47,219 - INFO - sh600309 没有新的财务数据
2026-05-12 15:13:47,220 - INFO - 开始采集 sh600309 公告数据，时间范围：2026-05-11 至 2026-05-12
2026-05-12 15:13:47,562 - ERROR - sh600309 公告数据采集失败：'代码'
2026-05-12 15:13:47,564 - INFO - 开始采集 sh600309 总股本数据
2026-05-12 15:13:47,996 - ERROR - sh600309 总股本数据采集失败：('Connection aborted.', RemoteDisconnected('Remote end closed connection without response'))
2026-05-12 15:13:47,996 - INFO - 开始采集 sh600309 分红数据
2026-05-12 15:13:48,499 - INFO - sh600309 分红数据采集完成，新增 26 条记录
2026-05-12 15:13:48,499 - INFO - 开始采集 sh600309 北向资金数据
2026-05-12 15:13:48,499 - ERROR - sh600309 北向资金数据采集失败：module 'akshare' has no attribute 'stock_em_hsgt_hold_stock_em'
2026-05-12 15:13:48,500 - INFO - 开始采集 sh600309 融资融券数据
2026-05-12 15:13:48,500 - ERROR - sh600309 融资融券数据采集失败：stock_margin_sse() got an unexpected keyword argument 'symbol'
2026-05-12 15:13:48,500 - INFO - 开始采集 sh600309 龙虎榜数据
2026-05-12 15:13:48,500 - ERROR - sh600309 龙虎榜数据采集失败：module 'akshare' has no attribute 'stock_zh_a_hist_em'
2026-05-12 15:13:48,500 - INFO - 开始计算 sh600309 财务中间指标
2026-05-12 15:13:48,685 - INFO - sh600309 财务中间指标计算完成，共 40 条记录
2026-05-12 15:13:48,686 - INFO - 开始计算 sh600309 技术指标
2026-05-12 15:13:48,711 - INFO - sh600309 技术指标计算完成，共 2297 条记录
2026-05-12 15:13:48,758 - ERROR - sh600309 技术指标计算失败：No numeric types to aggregate
2026-05-12 15:13:48,759 - INFO - 开始计算 sh600309 估值指标
2026-05-12 15:13:50,650 - INFO - sh600309 估值指标计算完成，共 2301 条记录
2026-05-12 15:13:50,652 - INFO - 开始计算 sh600309 北向资金累计流入
2026-05-12 15:13:50,653 - INFO - sh600309 北向资金数据不足
2026-05-12 15:13:50,653 - INFO - ===== sh600309 处理完成 =====
2026-05-12 15:13:50,654 - INFO - ===== 开始处理 sh600887 =====
2026-05-12 15:13:50,654 - INFO - 开始采集 sh600887 日线数据，时间范围：20260511 至 20260512
2026-05-12 15:13:51,926 - ERROR - sh600887 日线数据采集失败：Binder Error: Referenced column "adjust_factor" not found in FROM clause!
Candidate bindings: "trade_date", "stock_code", "amount_1", "outstanding_share", "amount"

LINE 4: ..._code, trade_date, open, high, low, close, volume, amount, adjust_factor
                                                                      ^
2026-05-12 15:13:51,927 - INFO - 开始采集 sh600887 财务数据
2026-05-12 15:13:54,767 - INFO - sh600887 没有新的财务数据
2026-05-12 15:13:54,769 - INFO - 开始采集 sh600887 公告数据，时间范围：2026-05-11 至 2026-05-12
2026-05-12 15:13:55,120 - ERROR - sh600887 公告数据采集失败：'代码'
2026-05-12 15:13:55,122 - INFO - 开始采集 sh600887 总股本数据
2026-05-12 15:13:55,552 - ERROR - sh600887 总股本数据采集失败：('Connection aborted.', RemoteDisconnected('Remote end closed connection without response'))
2026-05-12 15:13:55,553 - INFO - 开始采集 sh600887 分红数据
2026-05-12 15:13:56,045 - INFO - sh600887 分红数据采集完成，新增 26 条记录
2026-05-12 15:13:56,045 - INFO - 开始采集 sh600887 北向资金数据
2026-05-12 15:13:56,046 - ERROR - sh600887 北向资金数据采集失败：module 'akshare' has no attribute 'stock_em_hsgt_hold_stock_em'
2026-05-12 15:13:56,046 - INFO - 开始采集 sh600887 融资融券数据
2026-05-12 15:13:56,046 - ERROR - sh600887 融资融券数据采集失败：stock_margin_sse() got an unexpected keyword argument 'symbol'
2026-05-12 15:13:56,046 - INFO - 开始采集 sh600887 龙虎榜数据
2026-05-12 15:13:56,046 - ERROR - sh600887 龙虎榜数据采集失败：module 'akshare' has no attribute 'stock_zh_a_hist_em'
2026-05-12 15:13:56,046 - INFO - 开始计算 sh600887 财务中间指标
2026-05-12 15:13:56,216 - INFO - sh600887 财务中间指标计算完成，共 40 条记录
2026-05-12 15:13:56,216 - INFO - 开始计算 sh600887 技术指标
2026-05-12 15:13:56,237 - INFO - sh600887 技术指标计算完成，共 2398 条记录
2026-05-12 15:13:56,478 - ERROR - sh600887 技术指标计算失败：Conversion Error: Could not cast value 65056890.611111 to DECIMAL(10,4) when casting from source column wvad

LINE 24:                 dmi_pdi, dmi_mdi, dmi_adx, dmi_adxr, sar, wvad
                                                                   ^
2026-05-12 15:13:56,479 - INFO - 开始计算 sh600887 估值指标
2026-05-12 15:13:58,437 - INFO - sh600887 估值指标计算完成，共 2402 条记录
2026-05-12 15:13:58,438 - INFO - 开始计算 sh600887 北向资金累计流入
2026-05-12 15:13:58,439 - INFO - sh600887 北向资金数据不足
2026-05-12 15:13:58,440 - INFO - ===== sh600887 处理完成 =====
2026-05-12 15:13:58,440 - INFO - ===== 开始处理 sh600276 =====
2026-05-12 15:13:58,441 - INFO - 开始采集 sh600276 日线数据，时间范围：20260511 至 20260512
2026-05-12 15:13:59,665 - ERROR - sh600276 日线数据采集失败：Binder Error: Referenced column "adjust_factor" not found in FROM clause!
Candidate bindings: "trade_date", "stock_code", "amount_1", "outstanding_share", "amount"

LINE 4: ..._code, trade_date, open, high, low, close, volume, amount, adjust_factor
                                                                      ^
2026-05-12 15:13:59,666 - INFO - 开始采集 sh600276 财务数据
2026-05-12 15:14:02,410 - INFO - sh600276 没有新的财务数据
2026-05-12 15:14:02,412 - INFO - 开始采集 sh600276 公告数据，时间范围：2026-05-11 至 2026-05-12
2026-05-12 15:14:03,094 - INFO - sh600276 公告数据采集完成，新增 1 条记录
2026-05-12 15:14:03,094 - INFO - 开始采集 sh600276 总股本数据
2026-05-12 15:14:03,509 - ERROR - sh600276 总股本数据采集失败：('Connection aborted.', RemoteDisconnected('Remote end closed connection without response'))
2026-05-12 15:14:03,509 - INFO - 开始采集 sh600276 分红数据
2026-05-12 15:14:03,954 - INFO - sh600276 分红数据采集完成，新增 25 条记录
2026-05-12 15:14:03,954 - INFO - 开始采集 sh600276 北向资金数据
2026-05-12 15:14:03,954 - ERROR - sh600276 北向资金数据采集失败：module 'akshare' has no attribute 'stock_em_hsgt_hold_stock_em'
2026-05-12 15:14:03,954 - INFO - 开始采集 sh600276 融资融券数据
2026-05-12 15:14:03,955 - ERROR - sh600276 融资融券数据采集失败：stock_margin_sse() got an unexpected keyword argument 'symbol'
2026-05-12 15:14:03,955 - INFO - 开始采集 sh600276 龙虎榜数据
2026-05-12 15:14:03,955 - ERROR - sh600276 龙虎榜数据采集失败：module 'akshare' has no attribute 'stock_zh_a_hist_em'
2026-05-12 15:14:03,955 - INFO - 开始计算 sh600276 财务中间指标
2026-05-12 15:14:04,110 - INFO - sh600276 财务中间指标计算完成，共 40 条记录
2026-05-12 15:14:04,110 - INFO - 开始计算 sh600276 技术指标
2026-05-12 15:14:04,133 - INFO - sh600276 技术指标计算完成，共 2422 条记录
2026-05-12 15:14:04,375 - ERROR - sh600276 技术指标计算失败：Conversion Error: Could not cast value 3127641.187500 to DECIMAL(10,4) when casting from source column wvad

LINE 24:                 dmi_pdi, dmi_mdi, dmi_adx, dmi_adxr, sar, wvad
                                                                   ^
2026-05-12 15:14:04,376 - INFO - 开始计算 sh600276 估值指标
2026-05-12 15:14:06,312 - INFO - sh600276 估值指标计算完成，共 2426 条记录
2026-05-12 15:14:06,313 - INFO - 开始计算 sh600276 北向资金累计流入
2026-05-12 15:14:06,315 - INFO - sh600276 北向资金数据不足
2026-05-12 15:14:06,315 - INFO - ===== sh600276 处理完成 =====
2026-05-12 15:14:06,315 - INFO - ===== 开始处理 sz002714 =====
2026-05-12 15:14:06,316 - INFO - 开始采集 sz002714 日线数据，时间范围：20260511 至 20260512
2026-05-12 15:14:07,558 - ERROR - sz002714 日线数据采集失败：Binder Error: Referenced column "adjust_factor" not found in FROM clause!
Candidate bindings: "trade_date", "stock_code", "amount_1", "outstanding_share", "amount"

LINE 4: ..._code, trade_date, open, high, low, close, volume, amount, adjust_factor
                                                                      ^
2026-05-12 15:14:07,559 - INFO - 开始采集 sz002714 财务数据
2026-05-12 15:14:09,602 - INFO - sz002714 没有新的财务数据
2026-05-12 15:14:09,603 - INFO - 开始采集 sz002714 公告数据，时间范围：2026-05-11 至 2026-05-12
2026-05-12 15:14:09,923 - ERROR - sz002714 公告数据采集失败：'代码'
2026-05-12 15:14:09,925 - INFO - 开始采集 sz002714 总股本数据
2026-05-12 15:14:10,353 - ERROR - sz002714 总股本数据采集失败：('Connection aborted.', RemoteDisconnected('Remote end closed connection without response'))
2026-05-12 15:14:10,353 - INFO - 开始采集 sz002714 分红数据
2026-05-12 15:14:10,788 - INFO - sz002714 分红数据采集完成，新增 13 条记录
2026-05-12 15:14:10,788 - INFO - 开始采集 sz002714 北向资金数据
2026-05-12 15:14:10,789 - ERROR - sz002714 北向资金数据采集失败：module 'akshare' has no attribute 'stock_em_hsgt_hold_stock_em'
2026-05-12 15:14:10,789 - INFO - 开始采集 sz002714 融资融券数据
2026-05-12 15:14:10,789 - ERROR - sz002714 融资融券数据采集失败：stock_margin_sse() got an unexpected keyword argument 'symbol'
2026-05-12 15:14:10,789 - INFO - 开始采集 sz002714 龙虎榜数据
2026-05-12 15:14:10,789 - ERROR - sz002714 龙虎榜数据采集失败：module 'akshare' has no attribute 'stock_zh_a_hist_em'
2026-05-12 15:14:10,789 - INFO - 开始计算 sz002714 财务中间指标
2026-05-12 15:14:10,976 - INFO - sz002714 财务中间指标计算完成，共 40 条记录
2026-05-12 15:14:10,976 - INFO - 开始计算 sz002714 技术指标
2026-05-12 15:14:11,002 - INFO - sz002714 技术指标计算完成，共 2422 条记录
2026-05-12 15:14:11,279 - ERROR - sz002714 技术指标计算失败：Conversion Error: Could not cast value 9071396.765957 to DECIMAL(10,4) when casting from source column wvad

LINE 24:                 dmi_pdi, dmi_mdi, dmi_adx, dmi_adxr, sar, wvad
                                                                   ^
2026-05-12 15:14:11,280 - INFO - 开始计算 sz002714 估值指标
2026-05-12 15:14:13,245 - INFO - sz002714 估值指标计算完成，共 2426 条记录
2026-05-12 15:14:13,246 - INFO - 开始计算 sz002714 北向资金累计流入
2026-05-12 15:14:13,247 - INFO - sz002714 北向资金数据不足
2026-05-12 15:14:13,247 - INFO - ===== sz002714 处理完成 =====
2026-05-12 15:14:13,247 - INFO - ===== 开始处理 sz000725 =====
2026-05-12 15:14:13,248 - INFO - 开始采集 sz000725 日线数据，时间范围：20160510 至 20260512
2026-05-12 15:14:14,493 - ERROR - sz000725 日线数据采集失败：Binder Error: Referenced column "adjust_factor" not found in FROM clause!
Candidate bindings: "trade_date", "stock_code", "amount_1", "outstanding_share", "amount"

LINE 4: ..._code, trade_date, open, high, low, close, volume, amount, adjust_factor
                                                                      ^
2026-05-12 15:14:14,496 - INFO - 开始采集 sz000725 财务数据
2026-05-12 15:14:17,341 - INFO - sz000725 没有新的财务数据
2026-05-12 15:14:17,342 - INFO - 开始采集 sz000725 公告数据，时间范围：2016-05-10 至 2026-05-12
2026-05-12 15:14:25,219 - INFO - sz000725 公告数据采集完成，新增 2048 条记录
2026-05-12 15:14:25,220 - INFO - 开始采集 sz000725 总股本数据
2026-05-12 15:14:25,645 - ERROR - sz000725 总股本数据采集失败：('Connection aborted.', RemoteDisconnected('Remote end closed connection without response'))
2026-05-12 15:14:25,645 - INFO - 开始采集 sz000725 分红数据
2026-05-12 15:14:26,044 - INFO - sz000725 分红数据采集完成，新增 15 条记录
2026-05-12 15:14:26,044 - INFO - 开始采集 sz000725 北向资金数据
2026-05-12 15:14:26,044 - ERROR - sz000725 北向资金数据采集失败：module 'akshare' has no attribute 'stock_em_hsgt_hold_stock_em'
2026-05-12 15:14:26,044 - INFO - 开始采集 sz000725 融资融券数据
2026-05-12 15:14:26,045 - ERROR - sz000725 融资融券数据采集失败：stock_margin_sse() got an unexpected keyword argument 'symbol'
2026-05-12 15:14:26,045 - INFO - 开始采集 sz000725 龙虎榜数据
2026-05-12 15:14:26,045 - ERROR - sz000725 龙虎榜数据采集失败：module 'akshare' has no attribute 'stock_zh_a_hist_em'
2026-05-12 15:14:26,045 - INFO - 开始计算 sz000725 财务中间指标
2026-05-12 15:14:26,208 - INFO - sz000725 财务中间指标计算完成，共 40 条记录
2026-05-12 15:14:26,208 - INFO - 开始计算 sz000725 技术指标
2026-05-12 15:14:26,232 - INFO - sz000725 技术指标计算完成，共 2422 条记录
2026-05-12 15:14:26,281 - ERROR - sz000725 技术指标计算失败：No numeric types to aggregate
2026-05-12 15:14:26,281 - INFO - 开始计算 sz000725 估值指标
2026-05-12 15:14:28,088 - INFO - sz000725 估值指标计算完成，共 2426 条记录
2026-05-12 15:14:28,089 - INFO - 开始计算 sz000725 北向资金累计流入
2026-05-12 15:14:28,090 - INFO - sz000725 北向资金数据不足
2026-05-12 15:14:28,090 - INFO - ===== sz000725 处理完成 =====
2026-05-12 15:14:28,091 - INFO - 全量数据采集完成
2026-05-12 15:14:28,242 - INFO - 数据库连接已关闭
2026-05-12 15:54:25,501 - INFO - 数据库表结构初始化完成
2026-05-12 15:54:25,502 - INFO - === 测试 sh600519 财务中间指标计算 ===
2026-05-12 15:54:25,566 - INFO - 数据库连接已关闭
2026-05-12 15:56:01,715 - INFO - 数据库表结构初始化完成
2026-05-12 15:56:01,757 - INFO - 数据库连接已关闭
2026-05-12 16:08:42,976 - INFO - 数据库表结构初始化完成
2026-05-12 16:08:42,976 - INFO - ===== 处理 sh600519 =====
2026-05-12 16:08:42,976 - INFO -   补充采集利息支出和扣非净利润...
2026-05-12 16:08:43,897 - WARNING - sh600519 利息支出补充采集失败：Conversion Error: Could not cast value nan to DECIMAL(18,2)
2026-05-12 16:08:55,721 - INFO -   重新计算中间指标...
2026-05-12 16:08:55,722 - INFO - 开始计算 sh600519 财务中间指标
2026-05-12 16:08:56,176 - INFO - sh600519 财务中间指标计算完成，共 102 条记录
2026-05-12 16:08:56,176 - INFO -   sh600519 完成
2026-05-12 16:08:56,177 - INFO - ===== 处理 sz002843 =====
2026-05-12 16:08:56,177 - INFO -   补充采集利息支出和扣非净利润...
2026-05-12 16:08:56,910 - WARNING - sz002843 利息支出补充采集失败：Conversion Error: Could not cast value nan to DECIMAL(18,2)
2026-05-12 16:09:03,026 - INFO -   重新计算中间指标...
2026-05-12 16:09:03,026 - INFO - 开始计算 sz002843 财务中间指标
2026-05-12 16:09:03,232 - INFO - sz002843 财务中间指标计算完成，共 49 条记录
2026-05-12 16:09:03,233 - INFO -   sz002843 完成
2026-05-12 16:09:03,233 - INFO - ===== 处理 sz002272 =====
2026-05-12 16:09:03,233 - INFO -   补充采集利息支出和扣非净利润...
2026-05-12 16:09:04,065 - WARNING - sz002272 利息支出补充采集失败：Conversion Error: Could not cast value nan to DECIMAL(18,2)
2026-05-12 16:09:13,891 - INFO -   重新计算中间指标...
2026-05-12 16:09:13,892 - INFO - 开始计算 sz002272 财务中间指标
2026-05-12 16:09:14,193 - INFO - sz002272 财务中间指标计算完成，共 77 条记录
2026-05-12 16:09:14,193 - INFO -   sz002272 完成
2026-05-12 16:09:14,193 - INFO - ===== 处理 sh600346 =====
2026-05-12 16:09:14,193 - INFO -   补充采集利息支出和扣非净利润...
2026-05-12 16:09:15,090 - WARNING - sh600346 利息支出补充采集失败：Conversion Error: Could not cast value nan to DECIMAL(18,2)
2026-05-12 16:09:27,495 - INFO -   重新计算中间指标...
2026-05-12 16:09:27,495 - INFO - 开始计算 sh600346 财务中间指标
2026-05-12 16:09:27,890 - INFO - sh600346 财务中间指标计算完成，共 102 条记录
2026-05-12 16:09:27,891 - INFO -   sh600346 完成
2026-05-12 16:09:27,891 - INFO - ===== 处理 sh600309 =====
2026-05-12 16:09:27,891 - INFO -   补充采集利息支出和扣非净利润...
2026-05-12 16:09:28,732 - WARNING - sh600309 利息支出补充采集失败：Conversion Error: Could not cast value nan to DECIMAL(18,2)
2026-05-12 16:09:40,467 - INFO -   重新计算中间指标...
2026-05-12 16:09:40,467 - INFO - 开始计算 sh600309 财务中间指标
2026-05-12 16:09:40,861 - INFO - sh600309 财务中间指标计算完成，共 105 条记录
2026-05-12 16:09:40,862 - INFO -   sh600309 完成
2026-05-12 16:09:40,863 - INFO - ===== 处理 sh600887 =====
2026-05-12 16:09:40,863 - INFO -   补充采集利息支出和扣非净利润...
2026-05-12 16:09:42,037 - WARNING - sh600887 利息支出补充采集失败：Conversion Error: Could not cast value nan to DECIMAL(18,2)
2026-05-12 16:09:54,359 - INFO -   重新计算中间指标...
2026-05-12 16:09:54,360 - INFO - 开始计算 sh600887 财务中间指标
2026-05-12 16:09:54,895 - INFO - sh600887 财务中间指标计算完成，共 113 条记录
2026-05-12 16:09:54,896 - INFO -   sh600887 完成
2026-05-12 16:09:54,896 - INFO - ===== 处理 sh600276 =====
2026-05-12 16:09:54,896 - INFO -   补充采集利息支出和扣非净利润...
2026-05-12 16:09:55,801 - WARNING - sh600276 利息支出补充采集失败：Conversion Error: Could not cast value nan to DECIMAL(18,2)
2026-05-12 16:10:06,814 - INFO -   重新计算中间指标...
2026-05-12 16:10:06,814 - INFO - 开始计算 sh600276 财务中间指标
2026-05-12 16:10:07,208 - INFO - sh600276 财务中间指标计算完成，共 104 条记录
2026-05-12 16:10:07,209 - INFO -   sh600276 完成
2026-05-12 16:10:07,209 - INFO - ===== 处理 sz002714 =====
2026-05-12 16:10:07,209 - INFO -   补充采集利息支出和扣非净利润...
2026-05-12 16:10:07,877 - WARNING - sz002714 利息支出补充采集失败：Conversion Error: Could not cast value nan to DECIMAL(18,2)
2026-05-12 16:10:15,392 - INFO -   重新计算中间指标...
2026-05-12 16:10:15,392 - INFO - 开始计算 sz002714 财务中间指标
2026-05-12 16:10:15,637 - INFO - sz002714 财务中间指标计算完成，共 58 条记录
2026-05-12 16:10:15,637 - INFO -   sz002714 完成
2026-05-12 16:10:15,638 - INFO - ===== 处理 sz000725 =====
2026-05-12 16:10:15,638 - INFO -   补充采集利息支出和扣非净利润...
2026-05-12 16:10:16,595 - WARNING - sz000725 利息支出补充采集失败：Conversion Error: Could not cast value nan to DECIMAL(18,2)
2026-05-12 16:10:30,412 - INFO -   重新计算中间指标...
2026-05-12 16:10:30,413 - INFO - 开始计算 sz000725 财务中间指标
2026-05-12 16:10:30,868 - INFO - sz000725 财务中间指标计算完成，共 110 条记录
2026-05-12 16:10:30,868 - INFO -   sz000725 完成
2026-05-12 16:10:31,007 - INFO - 数据库连接已关闭
2026-05-12 16:10:31,007 - INFO - 全部完成
2026-05-12 16:10:58,498 - INFO - 数据库表结构初始化完成
2026-05-12 16:10:58,498 - INFO - ===== 处理 sh600519 =====
2026-05-12 16:10:58,498 - INFO -   补充采集利息支出和扣非净利润...
2026-05-12 16:11:08,225 - INFO -   重新计算中间指标...
2026-05-12 16:11:08,226 - INFO - 开始计算 sh600519 财务中间指标
2026-05-12 16:11:08,678 - INFO - sh600519 财务中间指标计算完成，共 102 条记录
2026-05-12 16:11:08,679 - INFO -   sh600519 完成
2026-05-12 16:11:08,679 - INFO - ===== 处理 sz002843 =====
2026-05-12 16:11:08,679 - INFO -   补充采集利息支出和扣非净利润...
2026-05-12 16:11:13,773 - INFO -   重新计算中间指标...
2026-05-12 16:11:13,773 - INFO - 开始计算 sz002843 财务中间指标
2026-05-12 16:11:13,996 - INFO - sz002843 财务中间指标计算完成，共 49 条记录
2026-05-12 16:11:13,996 - INFO -   sz002843 完成
2026-05-12 16:11:13,997 - INFO - ===== 处理 sz002272 =====
2026-05-12 16:11:13,997 - INFO -   补充采集利息支出和扣非净利润...
2026-05-12 16:11:21,709 - INFO -   重新计算中间指标...
2026-05-12 16:11:21,710 - INFO - 开始计算 sz002272 财务中间指标
2026-05-12 16:11:22,018 - INFO - sz002272 财务中间指标计算完成，共 77 条记录
2026-05-12 16:11:22,019 - INFO -   sz002272 完成
2026-05-12 16:11:22,019 - INFO - ===== 处理 sh600346 =====
2026-05-12 16:11:22,019 - INFO -   补充采集利息支出和扣非净利润...
2026-05-12 16:11:31,789 - INFO -   重新计算中间指标...
2026-05-12 16:11:31,789 - INFO - 开始计算 sh600346 财务中间指标
2026-05-12 16:11:32,183 - INFO - sh600346 财务中间指标计算完成，共 102 条记录
2026-05-12 16:11:32,183 - INFO -   sh600346 完成
2026-05-12 16:11:32,183 - INFO - ===== 处理 sh600309 =====
2026-05-12 16:11:32,184 - INFO -   补充采集利息支出和扣非净利润...
2026-05-12 16:11:42,946 - INFO -   重新计算中间指标...
2026-05-12 16:11:42,947 - INFO - 开始计算 sh600309 财务中间指标
2026-05-12 16:11:43,346 - INFO - sh600309 财务中间指标计算完成，共 105 条记录
2026-05-12 16:11:43,346 - INFO -   sh600309 完成
2026-05-12 16:11:43,347 - INFO - ===== 处理 sh600887 =====
2026-05-12 16:11:43,347 - INFO -   补充采集利息支出和扣非净利润...
2026-05-12 16:11:53,894 - INFO -   重新计算中间指标...
2026-05-12 16:11:53,895 - INFO - 开始计算 sh600887 财务中间指标
2026-05-12 16:11:54,417 - INFO - sh600887 财务中间指标计算完成，共 113 条记录
2026-05-12 16:11:54,418 - INFO -   sh600887 完成
2026-05-12 16:11:54,418 - INFO - ===== 处理 sh600276 =====
2026-05-12 16:11:54,418 - INFO -   补充采集利息支出和扣非净利润...
2026-05-12 16:12:06,677 - INFO -   重新计算中间指标...
2026-05-12 16:12:06,677 - INFO - 开始计算 sh600276 财务中间指标
2026-05-12 16:12:07,085 - INFO - sh600276 财务中间指标计算完成，共 104 条记录
2026-05-12 16:12:07,085 - INFO -   sh600276 完成
2026-05-12 16:12:07,086 - INFO - ===== 处理 sz002714 =====
2026-05-12 16:12:07,086 - INFO -   补充采集利息支出和扣非净利润...
2026-05-12 16:12:14,561 - INFO -   重新计算中间指标...
2026-05-12 16:12:14,561 - INFO - 开始计算 sz002714 财务中间指标
2026-05-12 16:12:14,807 - INFO - sz002714 财务中间指标计算完成，共 58 条记录
2026-05-12 16:12:14,808 - INFO -   sz002714 完成
2026-05-12 16:12:14,808 - INFO - ===== 处理 sz000725 =====
2026-05-12 16:12:14,808 - INFO -   补充采集利息支出和扣非净利润...
2026-05-12 16:12:28,332 - INFO -   重新计算中间指标...
2026-05-12 16:12:28,332 - INFO - 开始计算 sz000725 财务中间指标
2026-05-12 16:12:28,778 - INFO - sz000725 财务中间指标计算完成，共 110 条记录
2026-05-12 16:12:28,781 - INFO -   sz000725 完成
2026-05-12 16:12:28,898 - INFO - 数据库连接已关闭
2026-05-12 16:12:28,898 - INFO - 全部完成
2026-05-12 16:17:59,779 - INFO - 数据库表结构初始化完成
2026-05-12 16:17:59,780 - INFO - ===== 处理 sh600519 =====
2026-05-12 16:17:59,780 - INFO -   补充采集利息支出和扣非净利润...
2026-05-12 16:18:10,325 - INFO -   重新计算中间指标...
2026-05-12 16:18:10,325 - INFO - 开始计算 sh600519 财务中间指标
2026-05-12 16:18:10,755 - INFO - sh600519 财务中间指标计算完成，共 102 条记录
2026-05-12 16:18:10,755 - INFO -   sh600519 完成
2026-05-12 16:18:10,756 - INFO - ===== 处理 sz002843 =====
2026-05-12 16:18:10,756 - INFO -   补充采集利息支出和扣非净利润...
2026-05-12 16:18:19,223 - INFO -   重新计算中间指标...
2026-05-12 16:18:19,224 - INFO - 开始计算 sz002843 财务中间指标
2026-05-12 16:18:19,462 - INFO - sz002843 财务中间指标计算完成，共 49 条记录
2026-05-12 16:18:19,463 - INFO -   sz002843 完成
2026-05-12 16:18:19,463 - INFO - ===== 处理 sz002272 =====
2026-05-12 16:18:19,463 - INFO -   补充采集利息支出和扣非净利润...
2026-05-12 16:18:30,557 - INFO -   重新计算中间指标...
2026-05-12 16:18:30,557 - INFO - 开始计算 sz002272 财务中间指标
2026-05-12 16:18:30,850 - INFO - sz002272 财务中间指标计算完成，共 77 条记录
2026-05-12 16:18:30,850 - INFO -   sz002272 完成
2026-05-12 16:18:30,851 - INFO - ===== 处理 sh600346 =====
2026-05-12 16:18:30,851 - INFO -   补充采集利息支出和扣非净利润...
2026-05-12 16:18:44,257 - INFO -   重新计算中间指标...
2026-05-12 16:18:44,257 - INFO - 开始计算 sh600346 财务中间指标
2026-05-12 16:18:44,655 - INFO - sh600346 财务中间指标计算完成，共 102 条记录
2026-05-12 16:18:44,656 - INFO -   sh600346 完成
2026-05-12 16:18:44,656 - INFO - ===== 处理 sh600309 =====
2026-05-12 16:18:44,656 - INFO -   补充采集利息支出和扣非净利润...
2026-05-12 16:18:58,180 - INFO -   重新计算中间指标...
2026-05-12 16:18:58,181 - INFO - 开始计算 sh600309 财务中间指标
2026-05-12 16:18:58,597 - INFO - sh600309 财务中间指标计算完成，共 105 条记录
2026-05-12 16:18:58,597 - INFO -   sh600309 完成
2026-05-12 16:18:58,598 - INFO - ===== 处理 sh600887 =====
2026-05-12 16:18:58,598 - INFO -   补充采集利息支出和扣非净利润...
2026-05-12 16:19:12,458 - INFO -   重新计算中间指标...
2026-05-12 16:19:12,458 - INFO - 开始计算 sh600887 财务中间指标
2026-05-12 16:19:12,947 - INFO - sh600887 财务中间指标计算完成，共 113 条记录
2026-05-12 16:19:12,948 - INFO -   sh600887 完成
2026-05-12 16:19:12,948 - INFO - ===== 处理 sh600276 =====
2026-05-12 16:19:12,948 - INFO -   补充采集利息支出和扣非净利润...
2026-05-12 16:19:26,473 - INFO -   重新计算中间指标...
2026-05-12 16:19:26,474 - INFO - 开始计算 sh600276 财务中间指标
2026-05-12 16:19:26,895 - INFO - sh600276 财务中间指标计算完成，共 104 条记录
2026-05-12 16:19:26,895 - INFO -   sh600276 完成
2026-05-12 16:19:26,896 - INFO - ===== 处理 sz002714 =====
2026-05-12 16:19:26,896 - INFO -   补充采集利息支出和扣非净利润...
2026-05-12 16:19:34,759 - INFO -   重新计算中间指标...
2026-05-12 16:19:34,759 - INFO - 开始计算 sz002714 财务中间指标
2026-05-12 16:19:34,991 - INFO - sz002714 财务中间指标计算完成，共 58 条记录
2026-05-12 16:19:34,992 - INFO -   sz002714 完成
2026-05-12 16:19:34,992 - INFO - ===== 处理 sz000725 =====
2026-05-12 16:19:34,992 - INFO -   补充采集利息支出和扣非净利润...
2026-05-12 16:19:49,757 - INFO -   重新计算中间指标...
2026-05-12 16:19:49,757 - INFO - 开始计算 sz000725 财务中间指标
2026-05-12 16:19:50,192 - INFO - sz000725 财务中间指标计算完成，共 110 条记录
2026-05-12 16:19:50,193 - INFO -   sz000725 完成
2026-05-12 16:19:50,317 - INFO - 数据库连接已关闭
2026-05-12 16:19:50,317 - INFO - 全部完成
2026-05-12 17:17:43,374 - INFO - 数据库表结构初始化完成
2026-05-12 17:17:43,408 - INFO - 数据库连接已关闭
2026-05-12 17:34:05,086 - INFO - 数据库表结构初始化完成
2026-05-12 17:36:33,513 - INFO - 数据库表结构初始化完成
2026-05-12 17:36:33,597 - INFO - 数据库连接已关闭
